,Date,Actual,Predicted,RMSE,Best Parameters,Features,CV_Train_R2,CV_Valid_R2,CV_Train_RMSE,CV_Valid_RMSE
0,2000-01-01,-4.753848389764603,0.040398925731174096,4.794247315495777,"{'rfecv__estimator__alpha': 1, 'rfecv__min_features_to_select': 2}","['ECY7', 'term_spread']",0.6019424443914243,-4.151654693189249,5.9008651402818995,6.807626932663941
1,2000-02-01,-3.899389098700856,-0.296022677882827,3.603366420818029,"{'rfecv__estimator__alpha': 1, 'rfecv__min_features_to_select': 2}","['ECY7', 'term_spread']",0.6020079072922424,-4.118207772759187,5.898428451259828,6.8463703415245964
2,2000-03-01,-4.637389701845462,-1.3281898957561928,3.3091998060892696,"{'rfecv__estimator__alpha': 1, 'rfecv__min_features_to_select': 2}","['ECY7', 'term_spread']",0.6020763210469635,-4.169078686719883,5.895561437521932,6.899972795495601
3,2000-04-01,-5.313298953979617,-1.2599254007931888,4.053373553186428,"{'rfecv__estimator__alpha': 1, 'rfecv__min_features_to_select': 2}","['ECY7', 'term_spread']",0.6021128880798399,-4.243674918969594,5.893053448565438,6.958347921724333
4,2000-05-01,-4.463974324855757,-1.6607626013610588,2.803211723494698,"{'rfecv__estimator__alpha': 1, 'rfecv__min_features_to_select': 2}","['ECY7', 'term_spread']",0.6017919452607624,-4.3892437880724415,5.892548010626783,7.027795981139235
5,2000-06-01,-4.61666773197873,0.3061803169387449,4.922848048917475,"{'rfecv__estimator__alpha': 1, 'rfecv__min_features_to_select': 2}","['ECY7', 'term_spread']",0.6013026451550295,-4.566226719162721,5.892951160214106,7.099459726279004
6,2000-07-01,-4.3861572376974305,-1.3926542356573792,2.9935030020400513,"{'rfecv__estimator__alpha': 1, 'rfecv__min_features_to_select': 2}","['ECY7', 'term_spread']",0.6011734404405799,-4.770711492434245,5.891186734610739,7.157822640582338
7,2000-08-01,-4.4608834365842505,-2.0027599038650763,2.458123532719174,"{'rfecv__estimator__alpha': 1, 'rfecv__min_features_to_select': 2}","['ECY7', 'term_spread']",0.6007711938447086,-5.097636590459452,5.891568752301446,7.20406308828128
8,2000-09-01,-4.150682092934476,-2.128037982292808,2.022644110641668,"{'rfecv__estimator__alpha': 1, 'rfecv__min_features_to_select': 2}","['ECY7', 'term_spread']",0.6006739164794135,-5.547668503159671,5.890182193689485,7.2526910470842
9,2000-10-01,-3.5769610381637063,-3.0388854360053505,0.5380756021583557,"{'rfecv__estimator__alpha': 1, 'rfecv__min_features_to_select': 2}","['ECY7', 'term_spread']",0.6003689826829238,-6.04455569290738,5.889506725813746,7.291111026861249
10,2000-11-01,-2.643489412631539,-1.884523694405635,0.758965718225904,"{'rfecv__estimator__alpha': 1, 'rfecv__min_features_to_select': 2}","['ECY7', 'term_spread']",0.599729477321084,-6.414352032881577,5.890625700638787,7.327010860833611
11,2000-12-01,-1.5364346099889017,-1.8294323996597477,0.292997789670846,"{'rfecv__estimator__alpha': 1, 'rfecv__min_features_to_select': 2}","['ECY7', 'term_spread']",0.5994216927590447,-6.621259413223773,5.8886094783500065,7.366541526006761
12,2001-01-01,-1.3012255557292465,-2.603958406095809,1.3027328503665625,"{'rfecv__estimator__alpha': 1, 'rfecv__min_features_to_select': 2}","['ECY7', 'term_spread']",0.5990341677434791,-6.761772288072587,5.887423651680417,7.399613853101745
13,2001-02-01,-0.8712027019639579,0.8254045426863232,1.6966072446502811,"{'rfecv__estimator__alpha': 1, 'rfecv__min_features_to_select': 2}","['ECY7', 'term_spread']",0.5985570883656784,-7.00518826903361,5.886873971553671,7.43313355610992
14,2001-03-01,1.333316783522076,0.2528219935320912,1.0804947899899848,"{'rfecv__estimator__alpha': 1, 'rfecv__min_features_to_select': 2}","['ECY7', 'term_spread']",0.5980460104214617,-6.8832401870960656,5.886599111135267,7.474470620166207
15,2001-04-01,1.4085321442264709,1.0848995899757927,0.32363255425067816,"{'rfecv__estimator__alpha': 1, 'rfecv__min_features_to_select': 2}","['ECY7', 'term_spread']",0.5973575346594523,-6.480848161005956,5.888029771902812,7.50434870838677
16,2001-05-01,-0.1028796335487136,2.505862797294366,2.6087424308430798,"{'rfecv__estimator__alpha': 1, 'rfecv__min_features_to_select': 2}","['ECY7', 'term_spread']",0.5966612946829883,-6.237865779798342,5.889637862302643,7.528230728033578
17,2001-06-01,-0.1908844815682431,3.342583972828756,3.533468454396999,"{'rfecv__estimator__alpha': 1, 'rfecv__min_features_to_select': 2}","['ECY7', 'term_spread']",0.5955230092074567,-5.967206371001136,5.894802554615721,7.54495160007908
18,2001-07-01,0.4691443285812724,2.9816567597867736,2.512512431205501,"{'rfecv__estimator__alpha': 1, 'rfecv__min_features_to_select': 2}","['ECY7', 'term_spread']",0.5949678863372844,-5.665775136237897,5.895174399510917,7.566338913618503
19,2001-08-01,1.3160919112118807,2.6697287072410667,1.353636796029186,"{'rfecv__estimator__alpha': 1, 'rfecv__min_features_to_select': 2}","['ECY7', 'term_spread']",0.5944932480267505,-5.459211478895406,5.8948855332005605,7.5798774324111475
20,2001-09-01,4.24660639667056,3.590282231717341,0.6563241649532192,"{'rfecv__estimator__alpha': 1, 'rfecv__min_features_to_select': 2}","['ECY7', 'term_spread']",0.5942176829636872,-5.262504923374564,5.892941221087623,7.600315917340367
21,2001-10-01,4.2977465442795015,4.505651908466092,0.20790536418659045,"{'rfecv__estimator__alpha': 1, 'rfecv__min_features_to_select': 2}","['ECY7', 'term_spread']",0.5939137079553376,-5.004736142741989,5.891270181139868,7.620306019821924
22,2001-11-01,3.637221780703837,5.319166001439703,1.6819442207358657,"{'rfecv__estimator__alpha': 1, 'rfecv__min_features_to_select': 2}","['ECY7', 'term_spread']",0.5935633162226425,-4.773309652929993,5.88993074926239,7.620266797959276
23,2001-12-01,3.72234096502736,5.896053906495926,2.173712941468566,"{'rfecv__estimator__alpha': 1, 'rfecv__min_features_to_select': 2}","['ECY7', 'term_spread']",0.5935309762869875,-4.655180165956959,5.88571234737783,7.6546989006041946
24,2002-01-01,3.866912025114022,6.084631066108713,2.217719040994691,"{'rfecv__estimator__alpha': 1, 'rfecv__min_features_to_select': 2}","['ECY7', 'term_spread']",0.5926810359632656,-4.640115372124646,5.888295989288564,7.677915023054602
25,2002-02-01,4.855424410017328,6.333135691526835,1.4777112815095075,"{'rfecv__estimator__alpha': 1, 'rfecv__min_features_to_select': 2}","['ECY7', 'term_spread']",0.5920399968207357,-4.623399535729748,5.88931476722026,7.702573559881476
26,2002-03-01,3.2717374045724723,6.425045758131697,3.1533083535592246,"{'rfecv__estimator__alpha': 1, 'rfecv__min_features_to_select': 2}","['ECY7', 'term_spread']",0.5911514545032153,-4.565233097656106,5.8926190581267335,7.722279563116773
27,2002-04-01,4.805562824967591,6.1707326069398665,1.3651697819722752,"{'rfecv__estimator__alpha': 1, 'rfecv__min_features_to_select': 2}","['ECY7', 'term_spread']",0.5903401706498927,-4.6386062413338225,5.895280196990325,7.748302027494268
28,2002-05-01,6.048133338706208,6.422339081063134,0.37420574235692605,"{'rfecv__estimator__alpha': 1, 'rfecv__min_features_to_select': 2}","['ECY7', 'term_spread']",0.5899925659457752,-4.67112224499042,5.894409653438021,7.7753328283347
29,2002-06-01,7.3645404213523395,6.664116660294053,0.7004237610582864,"{'rfecv__estimator__alpha': 1, 'rfecv__min_features_to_select': 2}","['ECY7', 'term_spread']",0.5888375738644979,-4.673093182018174,5.900339157721153,7.781212845015847
30,2002-07-01,9.90861241127674,6.537084776172756,3.371527635103984,"{'rfecv__estimator__alpha': 1, 'rfecv__min_features_to_select': 2}","['ECY7', 'term_spread']",0.5880970706175976,-4.817643505578076,5.903111319956706,7.788454221396397
31,2002-08-01,8.678944453513292,6.4262713999150005,2.2526730535982917,"{'rfecv__estimator__alpha': 1, 'rfecv__min_features_to_select': 2}","['ECY7', 'term_spread']",0.5872808095606964,-4.988149727619062,5.906557630063204,7.7865687350149955
32,2002-09-01,10.371535327109182,6.365238516596877,4.006296810512305,"{'rfecv__estimator__alpha': 1, 'rfecv__min_features_to_select': 2}","['ECY7', 'term_spread']",0.5864036182199045,-5.179737959811741,5.910554518820752,7.77976186511326
33,2002-10-01,11.292813024223538,6.448761832748122,4.844051191475415,"{'rfecv__estimator__alpha': 1, 'rfecv__min_features_to_select': 2}","['ECY7', 'term_spread']",0.5856653409139074,-5.115063180793965,5.9138478556158836,7.7715646778953715
34,2002-11-01,8.74352311988158,6.591506033470016,2.152017086411564,"{'rfecv__estimator__alpha': 1, 'rfecv__min_features_to_select': 2}","['ECY7', 'term_spread']",0.5849894003530174,-5.14596849670243,5.916592114828139,7.771903519671741
35,2002-12-01,9.20346656933756,6.778212021994985,2.4252545473425755,"{'rfecv__estimator__alpha': 1, 'rfecv__min_features_to_select': 2}","['ECY7', 'term_spread']",0.5846199254991495,-5.204247031958652,5.917631689060672,7.769941497371588
36,2003-01-01,7.740998132093391,7.001804137496418,0.739193994596973,"{'rfecv__estimator__alpha': 1, 'rfecv__min_features_to_select': 2}","['ECY7', 'term_spread']",0.5840085101337407,-5.321176954326549,5.920784464568816,7.7628418347032095
37,2003-02-01,8.835078729217095,7.47053766724709,1.3645410619700051,"{'rfecv__estimator__alpha': 1, 'rfecv__min_features_to_select': 2}","['ECY7', 'term_spread']",0.5839609713231274,-5.288255315306551,5.919760438734481,7.772373134442775
38,2003-03-01,7.958164938429291,7.189762140592526,0.7684027978367647,"{'rfecv__estimator__alpha': 1, 'rfecv__min_features_to_select': 2}","['ECY7', 'term_spread']",0.5830670084262819,-5.125995812254438,5.925246471020336,7.763644568322279
39,2003-04-01,7.715219124339267,6.9766231839398545,0.7385959403994127,"{'rfecv__estimator__alpha': 1, 'rfecv__min_features_to_select': 2}","['ECY7', 'term_spread']",0.5822982058412841,-5.053806116621138,5.929223878657966,7.767905011706874
40,2003-05-01,7.115717640698338,6.637580359396344,0.4781372813019944,"{'rfecv__estimator__alpha': 1, 'rfecv__min_features_to_select': 2}","['ECY7', 'term_spread']",0.5819411004642003,-4.941074498784075,5.930219609541437,7.7741868287633125
41,2003-06-01,5.002862257818341,6.03626793718337,1.0334056793650284,"{'rfecv__estimator__alpha': 1, 'rfecv__min_features_to_select': 2}","['ECY7', 'term_spread']",0.5814501123311491,-5.001631892369146,5.932588286282844,7.780218649993462
42,2003-07-01,3.559123301672751,7.0526215264436996,3.4934982247709487,"{'rfecv__estimator__alpha': 1, 'rfecv__min_features_to_select': 2}","['ECY7', 'term_spread']",0.5806140768027166,-5.106589140155741,5.9369923477797855,7.776189726216182
43,2003-08-01,4.018723717012273,7.396353499072987,3.3776297820607137,"{'rfecv__estimator__alpha': 1, 'rfecv__min_features_to_select': 2}","['ECY7', 'term_spread']",0.5801677639304322,-4.987360020594082,5.939081348666756,7.771055168581879
44,2003-09-01,2.3459378686069843,6.974524479398905,4.6285866107919205,"{'rfecv__estimator__alpha': 1, 'rfecv__min_features_to_select': 2}","['ECY7', 'term_spread']",0.5795491667120036,-4.774814046849871,5.942139769914112,7.771593286262468
45,2003-10-01,-2.5526263764480417,7.0544928729678045,9.607119249415845,"{'rfecv__estimator__alpha': 1, 'rfecv__min_features_to_select': 2}","['ECY7', 'term_spread']",0.5793324861015695,-4.56686548415894,5.942575191516985,7.792283583072196
46,2003-11-01,-4.525700274419198,6.973448789248549,11.499149063667748,"{'rfecv__estimator__alpha': 1, 'rfecv__min_features_to_select': 2}","['ECY7', 'term_spread']",0.579350454326223,-4.440078852169228,5.941200080683269,7.809817903702182
47,2003-12-01,-5.162482690619008,6.623667370438369,11.786150061057377,"{'rfecv__estimator__alpha': 1, 'rfecv__min_features_to_select': 2}","['ECY7', 'term_spread']",0.5793473152378171,-4.277707446850901,5.939912844743587,7.8176612094651645
48,2004-01-01,-6.270303621999995,6.610646661119899,12.880950283119894,"{'rfecv__estimator__alpha': 1, 'rfecv__min_features_to_select': 2}","['ECY7', 'term_spread']",0.5794948447611095,-4.204318953042123,5.9371764548241,7.815975652339724
49,2004-02-01,-7.758748833974161,6.767722134435477,14.526470968409637,"{'rfecv__estimator__alpha': 1, 'rfecv__min_features_to_select': 2}","['ECY7', 'term_spread']",0.5795672390480442,-4.169305877696347,5.934795077580195,7.808212810638612
50,2004-03-01,-8.541443660719583,6.111696335417306,14.65313999613689,"{'rfecv__estimator__alpha': 1, 'rfecv__min_features_to_select': 2}","['ECY7', 'term_spread']",0.5795800338969376,-4.204535768350966,5.932469725624979,7.796187249011831
51,2004-04-01,-6.550414095291834,6.670215273556153,13.220629368847987,"{'rfecv__estimator__alpha': 1, 'rfecv__min_features_to_select': 2}","['ECY7', 'term_spread']",0.5795224494220673,-4.262495291627993,5.930725722703532,7.7808023571539495
52,2004-05-01,-4.828883838155451,7.501751516810746,12.330635354966198,"{'rfecv__estimator__alpha': 1, 'rfecv__min_features_to_select': 2}","['ECY7', 'term_spread']",0.5790985089428727,-4.376853737754444,5.9309443848340875,7.756016202671775
53,2004-06-01,-4.808791315966154,7.0068434555446375,11.81563477151079,"{'rfecv__estimator__alpha': 1, 'rfecv__min_features_to_select': 2}","['ECY7', 'term_spread']",0.5786125458415239,-4.515525262176899,5.931224653273232,7.72695213015345
54,2004-07-01,-4.1143754114383535,6.489959312070576,10.60433472350893,"{'rfecv__estimator__alpha': 1, 'rfecv__min_features_to_select': 2}","['ECY7', 'term_spread']",0.5784729129066969,-4.695705110515475,5.929514101463942,7.7059992067445915
55,2004-08-01,-2.307005424252906,6.1622528435134,8.469258267766307,"{'rfecv__estimator__alpha': 1, 'rfecv__min_features_to_select': 2}","['ECY7', 'term_spread']",0.5781813778344537,-5.004708810309529,5.928754618870754,7.683579241865584
56,2004-09-01,-2.1238921232108576,5.959672139074524,8.083564262285382,"{'rfecv__estimator__alpha': 1, 'rfecv__min_features_to_select': 2}","['ECY7', 'term_spread']",0.5780471483717229,-5.441748957051142,5.927536055588768,7.664408834849681
57,2004-10-01,-1.6570872115793225,6.00816225028348,7.665249461862802,"{'rfecv__estimator__alpha': 1, 'rfecv__min_features_to_select': 2}","['ECY7', 'term_spread']",0.5776502027857557,-5.921014677036311,5.927677872317667,7.633546335510031
58,2004-11-01,-2.137846958843592,5.079513853072928,7.217360811916521,"{'rfecv__estimator__alpha': 1, 'rfecv__min_features_to_select': 2}","['ECY7', 'term_spread']",0.5769507232201371,-6.273128608451559,5.929085525395718,7.605137453220384
59,2004-12-01,-2.203858897004596,4.75481528205602,6.9586741790606155,"{'rfecv__estimator__alpha': 1, 'rfecv__min_features_to_select': 2}","['ECY7', 'term_spread']",0.5765010653710227,-6.458627990544629,5.9284010119785995,7.590684394051827
60,2005-01-01,-1.6399092697118478,4.79569021088048,6.435599480592328,"{'rfecv__estimator__alpha': 1, 'rfecv__min_features_to_select': 2}","['ECY7', 'term_spread']",0.575975710627003,-6.5697421974214665,5.928339552634213,7.565107604975688
61,2005-02-01,-2.51539609174537,4.743670547391692,7.259066639137062,"{'rfecv__estimator__alpha': 1, 'rfecv__min_features_to_select': 2}","['ECY7', 'term_spread']",0.5754809906744212,-6.7653395654469595,5.928153756091917,7.532039804567502
62,2005-03-01,-1.2910941196683456,4.039968325688257,5.3310624453566025,"{'rfecv__estimator__alpha': 1, 'rfecv__min_features_to_select': 2}","['ECY7', 'term_spread']",0.5748775253047994,-6.563448325084239,5.928779094662601,7.500672035440892
63,2005-04-01,0.033204565530065,4.101102009966251,4.067897444436186,"{'rfecv__estimator__alpha': 1, 'rfecv__min_features_to_select': 2}","['ECY7', 'term_spread']",0.574132130861638,-6.069148287249669,5.930857774612389,7.473799599717296
64,2005-05-01,-1.393237786083712,3.2792287209986366,4.672466507082349,"{'rfecv__estimator__alpha': 1, 'rfecv__min_features_to_select': 2}","['ECY7', 'term_spread']",0.5733585317668835,-5.753024111256733,5.933095152726125,7.440267032511926
65,2005-06-01,-2.4837625721003453,3.310408667956173,5.794171240056518,"{'rfecv__estimator__alpha': 1, 'rfecv__min_features_to_select': 2}","['ECY7', 'term_spread']",0.5725789191331329,-5.439165916096544,5.93543497809646,7.406880191523991
66,2005-07-01,-2.821035062860189,3.2339743792737536,6.055009442133942,"{'rfecv__estimator__alpha': 1, 'rfecv__min_features_to_select': 2}","['ECY7', 'term_spread']",0.5720520428459827,-5.082425493329624,5.935825417596379,7.374238502616088
67,2005-08-01,-2.657667354391169,2.10030626166681,4.757973616057979,"{'rfecv__estimator__alpha': 1, 'rfecv__min_features_to_select': 2}","['ECY7', 'term_spread']",0.5716631194449336,-4.832936213084998,5.9349455714389245,7.3355690068726656
68,2005-09-01,-2.01145464786886,2.427966258012191,4.43942090588105,"{'rfecv__estimator__alpha': 1, 'rfecv__min_features_to_select': 2}","['ECY7', 'term_spread']",0.5713866450248869,-4.577658423863111,5.933104434635713,7.3003947452604665
69,2005-10-01,-0.5440660525052987,3.140873677436869,3.6849397299421676,"{'rfecv__estimator__alpha': 1, 'rfecv__min_features_to_select': 2}","['ECY7', 'term_spread']",0.5711142261810151,-4.274615327231385,5.931266515189686,7.284330409969132
70,2005-11-01,-0.7670547066042532,2.1319246462767794,2.8989793528810326,"{'rfecv__estimator__alpha': 1, 'rfecv__min_features_to_select': 2}","['ECY7', 'term_spread']",0.5708828734778487,-4.02077000601708,5.929160038224909,7.257913808861992
71,2005-12-01,-0.4009117101453796,1.7742408791102937,2.1751525892556733,"{'rfecv__estimator__alpha': 1, 'rfecv__min_features_to_select': 2}","['ECY7', 'term_spread']",0.5709253966064908,-3.897690931888232,5.924642107402653,7.260196762553781
72,2006-01-01,0.0559665718845581,1.1429876666848564,1.0870210948002983,"{'rfecv__estimator__alpha': 1, 'rfecv__min_features_to_select': 2}","['ECY7', 'term_spread']",0.5701913769069141,-3.886601993489711,5.9265951463815325,7.247740201280051
73,2006-02-01,0.7478066440674169,1.48663302018117,0.738826376113753,"{'rfecv__estimator__alpha': 1, 'rfecv__min_features_to_select': 2}","['ECY7', 'term_spread']",0.5696331984606723,-3.921158744757961,5.9271710744871635,7.247082975903453
74,2006-03-01,0.2985157716024589,0.959393890408867,0.6608781188064081,"{'rfecv__estimator__alpha': 1, 'rfecv__min_features_to_select': 2}","['ECY7', 'term_spread']",0.5687557917304018,-3.892839034425602,5.930748776557208,7.244494096274158
75,2006-04-01,0.6514213320706119,1.4299027478030535,0.7784814157324416,"{'rfecv__estimator__alpha': 1, 'rfecv__min_features_to_select': 2}","['ECY7', 'term_spread']",0.5679684746590093,-4.01151068360082,5.93342809541353,7.250172783867494
76,2006-05-01,1.028007509570894,0.16867472238777204,0.859332787183122,"{'rfecv__estimator__alpha': 1, 'rfecv__min_features_to_select': 2}","['ECY7', 'term_spread']",0.5676379452608169,-4.1122064813782115,5.932630860120292,7.265386748361956
77,2006-06-01,0.9093896299913752,0.9519590157087299,0.04256938571735469,"{'rfecv__estimator__alpha': 1, 'rfecv__min_features_to_select': 2}","['ECY7', 'term_spread']",0.5664675373059899,-4.149282590587284,5.939063110971217,7.26567659895021
78,2006-07-01,1.4606283643140094,0.957833501119727,0.5027948631942825,"{'rfecv__estimator__alpha': 1, 'rfecv__min_features_to_select': 2}","['ECY7', 'term_spread']",0.5656528331403503,-4.288247120338965,5.942725858437081,7.271304925639867
79,2006-08-01,-1.1000216745276958,0.34759421164713,1.4476158861748258,"{'rfecv__estimator__alpha': 1, 'rfecv__min_features_to_select': 2}","['ECY7', 'term_spread']",0.5646498122580976,-4.389853925672279,5.947800688735784,7.269881063308861
80,2006-09-01,-1.6621004385541482,0.27569079102788674,1.937791229582035,"{'rfecv__estimator__alpha': 1, 'rfecv__min_features_to_select': 2}","['ECY7', 'term_spread']",0.5636279310571144,-4.503709266748814,5.953216844322375,7.264712302479926
81,2006-10-01,-1.692250792545491,0.06436097335617763,1.7566117659016687,"{'rfecv__estimator__alpha': 1, 'rfecv__min_features_to_select': 2}","['ECY7', 'term_spread']",0.5627256587502034,-4.2435560767615454,5.9580458371795855,7.255328223757922
82,2006-11-01,-1.653574127082991,-0.3158818386629747,1.3376922884200162,"{'rfecv__estimator__alpha': 1, 'rfecv__min_features_to_select': 2}","['ECY7', 'term_spread']",0.561925732763594,-4.092936330727381,5.962146700578136,7.2518587798329275
83,2006-12-01,-1.68905713883718,0.040736743462300495,1.7297938822994805,"{'rfecv__estimator__alpha': 1, 'rfecv__min_features_to_select': 2}","['ECY7', 'term_spread']",0.5614531868661479,-4.000634430102203,5.964280388606963,7.252828456046632
84,2007-01-01,-0.8234799202178955,-0.6451153262602078,0.17836459395768767,"{'rfecv__estimator__alpha': 1, 'rfecv__min_features_to_select': 2}","['ECY7', 'term_spread']",0.5606606799358571,-3.9261710348686627,5.968872538797649,7.247739335134964
85,2007-02-01,-0.2576303472793917,0.5795008740662082,0.8371312213455999,"{'rfecv__estimator__alpha': 1, 'rfecv__min_features_to_select': 2}","['ECY7', 'term_spread']",0.5604447572850276,-3.7946229385023247,5.9691860936799035,7.257560877499339
86,2007-03-01,0.8880295014278006,-0.3268556616321723,1.2148851630599729,"{'rfecv__estimator__alpha': 1, 'rfecv__min_features_to_select': 2}","['ECY7', 'term_spread']",0.5593446709353408,-3.619664785368998,5.976257460571445,7.230450500584482
87,2007-04-01,0.1541350671867558,-0.49743052206152516,0.651565589248281,"{'rfecv__estimator__alpha': 1, 'rfecv__min_features_to_select': 2}","['ECY7', 'term_spread']",0.5583680047073128,-3.532745124477034,5.981859363447505,7.210816946512212
88,2007-05-01,-1.041614112096001,0.1497258560370467,1.1913399681330477,"{'rfecv__estimator__alpha': 1, 'rfecv__min_features_to_select': 2}","['ECY7', 'term_spread']",0.5577162808255645,-3.468480703758954,5.985163503554712,7.203735174785753
89,2007-06-01,-1.2571063000445526,0.6015775678732558,1.8586838679178084,"{'rfecv__estimator__alpha': 1, 'rfecv__min_features_to_select': 2}","['ECY7', 'term_spread']",0.5568977901121358,-3.4732197316341753,5.989540514886541,7.197790860552717
90,2007-07-01,-0.7269970529172554,0.5245815900511319,1.2515786429683873,"{'rfecv__estimator__alpha': 1, 'rfecv__min_features_to_select': 2}","['ECY7', 'term_spread']",0.5557090952778817,-3.4952449146277016,5.9962266775180355,7.189915762194899
91,2007-08-01,0.8595148534937924,0.048111627917687194,0.8114032255761052,"{'rfecv__estimator__alpha': 1, 'rfecv__min_features_to_select': 2}","['ECY7', 'term_spread']",0.5549008470193583,-3.4966640282423747,6.000823758136233,7.18709138690361
92,2007-09-01,0.9100493478427784,1.9109875294183043,1.0009381815755258,"{'rfecv__estimator__alpha': 1, 'rfecv__min_features_to_select': 2}","['ECY7', 'term_spread']",0.5539577437602045,-3.5957830604944836,6.005858049025105,7.192650285902357
93,2007-10-01,0.3443532869657706,1.830368356753672,1.4860150697879013,"{'rfecv__estimator__alpha': 1, 'rfecv__min_features_to_select': 2}","['ECY7', 'term_spread']",0.5534436153830569,-3.7061920850122148,6.007973651015875,7.218205626319239
94,2007-11-01,0.8167139463083783,1.4774009365738472,0.6606869902654688,"{'rfecv__estimator__alpha': 1, 'rfecv__min_features_to_select': 2}","['ECY7', 'term_spread']",0.5532131586974118,-3.727707483983469,6.007993336938244,7.249637787919222
95,2007-12-01,1.0521358214682586,2.837139741236374,1.7850039197681156,"{'rfecv__estimator__alpha': 1, 'rfecv__min_features_to_select': 2}","['ECY7', 'term_spread']",0.5528751973312281,-3.645734483867598,6.008929084722625,7.252900466717361
96,2008-01-01,3.320934473563919,4.164329570002952,0.8433950964390329,"{'rfecv__estimator__alpha': 1, 'rfecv__min_features_to_select': 2}","['ECY7', 'term_spread']",0.5527382033171073,-3.6815989262821107,6.008444867228185,7.258417602611996
97,2008-02-01,4.136793745333778,5.873454215123195,1.7366604697894177,"{'rfecv__estimator__alpha': 1, 'rfecv__min_features_to_select': 2}","['ECY7', 'term_spread']",0.552514895122271,-3.709852559023493,6.008477604583675,7.253085540106519
98,2008-03-01,5.280008552318105,5.163702342520274,0.11630620979783046,"{'rfecv__estimator__alpha': 1, 'rfecv__min_features_to_select': 2}","['ECY7', 'term_spread']",0.5523118254651923,-3.774646238082194,6.008264066679367,7.237558116546699
99,2008-04-01,4.760575200906869,4.9730976091784385,0.21252240827156932,"{'rfecv__estimator__alpha': 1, 'rfecv__min_features_to_select': 2}","['ECY7', 'term_spread']",0.5520254565763338,-3.8270291099756863,6.008924772075709,7.2073785030990365
100,2008-05-01,5.205723563421582,5.110184142092807,0.09553942132877502,"{'rfecv__estimator__alpha': 1, 'rfecv__min_features_to_select': 2}","['ECY7', 'term_spread']",0.5513319308030025,-3.9342079981418068,6.012256797128847,7.164701735138794
101,2008-06-01,5.919222075531671,5.791685118819778,0.1275369567118929,"{'rfecv__estimator__alpha': 1, 'rfecv__min_features_to_select': 2}","['ECY7', 'term_spread']",0.5506305002620683,-4.068567745702025,6.015068154101995,7.116221182742021
102,2008-07-01,7.961367438445855,6.507844896468171,1.4535225419776836,"{'rfecv__estimator__alpha': 1, 'rfecv__min_features_to_select': 2}","['ECY7', 'term_spread']",0.5502404492280834,-4.2401036279925055,6.016132721598822,7.073900292075304
103,2008-08-01,7.587613311426833,6.666760004052133,0.9208533073747001,"{'rfecv__estimator__alpha': 1, 'rfecv__min_features_to_select': 2}","['ECY7', 'term_spread']",0.5496960751639354,-4.551544147817113,6.018533922272939,7.03341345984804
104,2008-09-01,8.930734413149787,6.363231877865453,2.5675025352843344,"{'rfecv__estimator__alpha': 1, 'rfecv__min_features_to_select': 2}","['ECY7', 'term_spread']",0.5492480254348525,-5.001359449221368,6.020359260415148,6.996351343544275
105,2008-10-01,14.36643993452572,8.903496241654127,5.462943692871594,"{'rfecv__estimator__alpha': 1, 'rfecv__min_features_to_select': 2}","['ECY7', 'term_spread']",0.5486047793592396,-5.506631762506535,6.02311737942031,6.965920524133964
106,2008-11-01,17.238231858148325,9.943741418447699,7.294490439700626,"{'rfecv__estimator__alpha': 1, 'rfecv__min_features_to_select': 2}","['ECY7', 'term_spread']",0.5477742982060282,-5.889560397081567,6.026185352892662,6.979092056428465
107,2008-12-01,17.633152483945402,9.677335176275719,7.955817307669683,"{'rfecv__estimator__alpha': 1, 'rfecv__min_features_to_select': 2}","['ECY7', 'term_spread']",0.5469867316369901,-6.098675068096138,6.028952269397953,7.005704877299971
108,2009-01-01,18.115277200119017,9.829886086811312,8.285391113307705,"{'rfecv__estimator__alpha': 1, 'rfecv__min_features_to_select': 2}","['ECY7', 'term_spread']",0.5459909606689349,-6.238380206246174,6.033268888659874,7.033629820422987
109,2009-02-01,19.71574135172999,10.365637194309016,9.350104157420972,"{'rfecv__estimator__alpha': 1, 'rfecv__min_features_to_select': 2}","['ECY7', 'term_spread']",0.5452103667419146,-6.4596421180086825,6.03603042078758,7.065034828968763
110,2009-03-01,21.732841619411413,10.564758618746385,11.168083000665028,"{'rfecv__estimator__alpha': 1, 'rfecv__min_features_to_select': 2}","['ECY7', 'term_spread']",0.5442557743444392,-6.269001710754231,6.039926539747475,7.097750028151428
111,2009-04-01,19.030832666098014,9.87724769858021,9.153584967517805,"{'rfecv__estimator__alpha': 1, 'rfecv__min_features_to_select': 2}","['ECY7', 'term_spread']",0.5430226912997581,-5.792330301852803,6.045972790721685,7.141286154118968
112,2009-05-01,17.883163523496236,9.799852221450928,8.083311302045308,"{'rfecv__estimator__alpha': 1, 'rfecv__min_features_to_select': 2}","['ECY7', 'term_spread']",0.5416877023528033,-5.492138212320983,6.052713054161095,7.163255057269879
113,2009-06-01,17.98436269675233,9.71697239529816,8.26739030145417,"{'rfecv__estimator__alpha': 1, 'rfecv__min_features_to_select': 2}","['ECY7', 'term_spread']",0.5401036074668649,-5.181495305711484,6.060601948294452,7.163152443880908
114,2009-07-01,18.033491749188123,9.438667739853228,8.594824009334895,"{'rfecv__estimator__alpha': 1, 'rfecv__min_features_to_select': 2}","['ECY7', 'term_spread']",0.538909578751724,-4.832572591006527,6.065803289016321,7.165100236073191
115,2009-08-01,16.153198628083775,8.934129288840506,7.219069339243269,"{'rfecv__estimator__alpha': 1, 'rfecv__min_features_to_select': 2}","['ECY7', 'term_spread']",0.5379337023640354,-4.588870197432528,6.069116797417315,7.1555326851462535
116,2009-09-01,15.74028213467431,8.565291116418823,7.174991018255486,"{'rfecv__estimator__alpha': 1, 'rfecv__min_features_to_select': 2}","['ECY7', 'term_spread']",0.5370481761055651,-4.332869087863309,6.071630864276138,7.140078626077272
117,2009-10-01,14.605909253068006,8.575508931852776,6.030400321215231,"{'rfecv__estimator__alpha': 1, 'rfecv__min_features_to_select': 2}","['ECY7', 'term_spread']",0.5362748426036613,-4.0211057853581265,6.073299096843576,7.131651732564401
118,2009-11-01,15.412790691231304,8.464450550794911,6.948340140436393,"{'rfecv__estimator__alpha': 1, 'rfecv__min_features_to_select': 2}","['ECY7', 'term_spread']",0.535546333746358,-3.7434696993209626,6.074386712608541,7.102549915631267
119,2009-12-01,15.071304332837276,8.234769122439188,6.836535210398088,"{'rfecv__estimator__alpha': 1, 'rfecv__min_features_to_select': 2}","['ECY7', 'term_spread']",0.5347603691720186,-3.5773736611458795,6.076067123850698,7.095413362594734
120,2010-01-01,14.537900317638677,8.426794604572546,6.111105713066131,"{'rfecv__estimator__alpha': 1, 'rfecv__min_features_to_select': 2}","['ECY7', 'term_spread']",0.5340240807617328,-3.537336258188573,6.077228769828118,7.097628087604828
121,2010-02-01,15.828867856075613,8.531873426578818,7.296994429496795,"{'rfecv__estimator__alpha': 1, 'rfecv__min_features_to_select': 2}","['ECY7', 'term_spread']",0.5331850610063348,-3.4909350081097394,6.079532866721368,7.07742851262794
122,2010-03-01,14.52669909710147,8.062773719515974,6.463925377585497,"{'rfecv__estimator__alpha': 1, 'rfecv__min_features_to_select': 2}","['ECY7', 'term_spread']",0.5321379336684122,-3.3670362515737366,6.084143102024929,7.05498671566779
123,2010-04-01,13.82276566751327,7.944907345157402,5.877858322355868,"{'rfecv__estimator__alpha': 1, 'rfecv__min_features_to_select': 2}","['ECY7', 'term_spread']",0.5312491192267852,-3.3760071872829647,6.087423751959877,7.032562729437079
124,2010-05-01,15.402335319058547,8.13285812414831,7.2694771949102375,"{'rfecv__estimator__alpha': 1, 'rfecv__min_features_to_select': 2}","['ECY7', 'term_spread']",0.5302648371828909,-3.3403784490544055,6.091261035773791,7.003349000041044
125,2010-06-01,16.11372703108861,8.21527793564233,7.898449095446281,"{'rfecv__estimator__alpha': 1, 'rfecv__min_features_to_select': 2}","['ECY7', 'term_spread']",0.529410093595495,-3.295801166262979,6.094610077523951,6.9814583316556655
126,2010-07-01,16.1343989704654,8.166126579843105,7.968272390622296,"{'rfecv__estimator__alpha': 1, 'rfecv__min_features_to_select': 2}","['ECY7', 'term_spread']",0.5284188934291663,-3.3576480277432137,6.099018673683315,6.953826664783335
127,2010-08-01,15.389446057820043,8.056250283610627,7.3331957742094165,"{'rfecv__estimator__alpha': 1, 'rfecv__min_features_to_select': 2}","['ECY7', 'term_spread']",0.5272549129841422,-3.3808725670072035,6.104635524453163,6.920907742218515
128,2010-09-01,13.609166197082557,7.838538002858723,5.770628194223834,"{'rfecv__estimator__alpha': 1, 'rfecv__min_features_to_select': 2}","['ECY7', 'term_spread']",0.5260689455194811,-3.444277823999584,6.1107285561581035,6.885842212844055
129,2010-10-01,13.560011222004942,7.582404527319583,5.977606694685359,"{'rfecv__estimator__alpha': 1, 'rfecv__min_features_to_select': 2}","['ECY7', 'term_spread']",0.5250546620300404,-3.108653563207865,6.1159064468894275,6.854854091673126
130,2010-11-01,13.665237071216962,7.561492474908712,6.103744596308251,"{'rfecv__estimator__alpha': 1, 'rfecv__min_features_to_select': 2}","['ECY7', 'term_spread']",0.5241613303253875,-2.8623077184374957,6.120268518634467,6.841064469255852
131,2010-12-01,12.617386064987135,7.6295000994226125,4.987885965564523,"{'rfecv__estimator__alpha': 1, 'rfecv__min_features_to_select': 2}","['ECY7', 'term_spread']",0.5235320206909913,-2.6808055449924657,6.122862750896829,6.834655645426649
132,2011-01-01,10.414799547595289,7.525962466840483,2.888837080754805,"{'rfecv__estimator__alpha': 1, 'rfecv__min_features_to_select': 2}","['ECY7', 'term_spread']",0.5225237385072684,-2.5492147945168933,6.1279834953515,6.817501217423177
133,2011-02-01,9.627055419780609,7.501776016715134,2.125279403065475,"{'rfecv__estimator__alpha': 1, 'rfecv__min_features_to_select': 2}","['ECY7', 'term_spread']",0.5218383948802069,-2.3699163922522226,6.131166535560239,6.806769552010984
134,2011-03-01,11.226721191341792,7.645697134271863,3.5810240570699285,"{'rfecv__estimator__alpha': 1, 'rfecv__min_features_to_select': 2}","['ECY7', 'term_spread']",0.5209405561822337,-2.20136016782381,6.135886024514101,6.77597836686206
135,2011-04-01,11.359354044422266,7.805608327460718,3.553745716961548,"{'rfecv__estimator__alpha': 1, 'rfecv__min_features_to_select': 2}","['ECY7', 'term_spread']",0.519833907568025,-2.119332181745117,6.141869331744835,6.750512177853326
136,2011-05-01,11.146879141590116,7.7105529326683815,3.4363262089217343,"{'rfecv__estimator__alpha': 1, 'rfecv__min_features_to_select': 2}","['ECY7', 'term_spread']",0.5190277747874964,-2.0788379244652044,6.145502142844903,6.739153604170065
137,2011-06-01,12.191014942323577,7.825785758203306,4.36522918412027,"{'rfecv__estimator__alpha': 1, 'rfecv__min_features_to_select': 2}","['ECY7', 'term_spread']",0.5180610122151912,-2.09373757223666,6.150122363067021,6.72553217721954
138,2011-07-01,12.23504502054481,7.734007786122099,4.501037234422711,"{'rfecv__estimator__alpha': 1, 'rfecv__min_features_to_select': 2}","['ECY7', 'term_spread']",0.5167867065669122,-2.138865063367852,6.157103596356097,6.711083901474019
139,2011-08-01,14.974633448179276,7.9683149826661985,7.006318465513077,"{'rfecv__estimator__alpha': 1, 'rfecv__min_features_to_select': 2}","['ECY7', 'term_spread']",0.5159419643236975,-2.1770384559191855,6.161942336421267,6.69888760569935
140,2011-09-01,15.048045518658514,8.0685944261597,6.979451092498813,"{'rfecv__estimator__alpha': 1, 'rfecv__min_features_to_select': 2}","['ECY7', 'term_spread']",0.5149738556783005,-2.252502665483114,6.16690816454964,6.695351107249122
141,2011-10-01,14.244172936341403,7.990509654864656,6.253663281476747,"{'rfecv__estimator__alpha': 1, 'rfecv__min_features_to_select': 2}","['ECY7', 'term_spread']",0.5143565021643194,-2.2971582819821825,6.169359636163827,6.719533218566253
142,2011-11-01,14.11780858813754,7.869370999499415,6.248437588638126,"{'rfecv__estimator__alpha': 1, 'rfecv__min_features_to_select': 2}","['ECY7', 'term_spread']",0.5140406281634525,-2.32007518833515,6.169738484884388,6.747497034413107
143,2011-12-01,14.629897765753896,7.799817397010372,6.830080368743523,"{'rfecv__estimator__alpha': 1, 'rfecv__min_features_to_select': 2}","['ECY7', 'term_spread']",0.5136874439965671,-2.28514819495427,6.170252041725992,6.751265278353799
144,2012-01-01,13.884734896105211,7.6125263338051665,6.272208562300045,"{'rfecv__estimator__alpha': 1, 'rfecv__min_features_to_select': 2}","['ECY7', 'term_spread']",0.513491680437071,-2.2866609557481956,6.169902217309755,6.7564153633854245
145,2012-02-01,13.535015579216337,7.4492626976214105,6.085752881594926,"{'rfecv__estimator__alpha': 1, 'rfecv__min_features_to_select': 2}","['ECY7', 'term_spread']",0.5132592399427708,-2.3065848713240307,6.170032041517361,6.750596512234253
146,2012-03-01,13.298110120173078,7.46125782897029,5.836852291202788,"{'rfecv__estimator__alpha': 1, 'rfecv__min_features_to_select': 2}","['ECY7', 'term_spread']",0.5131007936775638,-2.4313282893584947,6.170463306734601,6.738750161566507
147,2012-04-01,13.262160740974382,7.427579353277347,5.834581387697035,"{'rfecv__estimator__alpha': 1, 'rfecv__min_features_to_select': 2}","['ECY7', 'term_spread']",0.5128751368265327,-2.6171150647438908,6.171891831641174,6.7235618138028945
148,2012-05-01,14.332009641800592,7.331208362976745,7.000801278823848,"{'rfecv__estimator__alpha': 1, 'rfecv__min_features_to_select': 2}","['ECY7', 'term_spread']",0.5123335865747524,-2.882688230366085,6.175375443019866,6.697472711587715
149,2012-06-01,14.975677153518586,7.486530667581048,7.489146485937537,"{'rfecv__estimator__alpha': 1, 'rfecv__min_features_to_select': 2}","['ECY7', 'term_spread']",0.5117669068745634,-3.2064861785108683,6.178606536018516,6.664463948673166
150,2012-07-01,14.52805916715838,7.280542956954649,7.247516210203731,"{'rfecv__estimator__alpha': 1, 'rfecv__min_features_to_select': 2}","['ECY7', 'term_spread']",0.5115159108702735,-3.5347490377989117,6.179890720065919,6.637162917243861
151,2012-08-01,13.82208956187977,7.0636145419841405,6.758475019895629,"{'rfecv__estimator__alpha': 1, 'rfecv__min_features_to_select': 2}","['ECY7', 'term_spread']",0.5111098621461485,-3.942901687044395,6.18264598823247,6.598656075032375
152,2012-09-01,13.502853805075675,6.996520924395822,6.506332880679853,"{'rfecv__estimator__alpha': 1, 'rfecv__min_features_to_select': 2}","['ECY7', 'term_spread']",0.5107691515861295,-4.481701647760028,6.1845879758285305,6.564059359023226
153,2012-10-01,14.144355151660836,7.009497732518266,7.13485741914257,"{'rfecv__estimator__alpha': 1, 'rfecv__min_features_to_select': 2}","['ECY7', 'term_spread']",0.5101722586997595,-4.981517716766493,6.18743895988919,6.5320933318616765
154,2012-11-01,15.127301501448509,7.058002693452523,8.069298807995985,"{'rfecv__estimator__alpha': 1, 'rfecv__min_features_to_select': 2}","['ECY7', 'term_spread']",0.5094372186089243,-5.267485054644381,6.190184245707799,6.526681757429203
155,2012-12-01,15.261959591575248,6.96778312778694,8.294176463788308,"{'rfecv__estimator__alpha': 1, 'rfecv__min_features_to_select': 2}","['ECY7', 'term_spread']",0.5087321951805189,-5.393853909845452,6.193062113443491,6.532183106532382
156,2013-01-01,15.36194977694476,7.010358020387265,8.351591756557495,"{'rfecv__estimator__alpha': 1, 'rfecv__min_features_to_select': 2}","['ECY7', 'term_spread']",0.5078819906885961,-5.446831007125368,6.19688182648824,6.533874823462129
157,2013-02-01,14.161697910023497,6.9797246848148875,7.181973225208609,"{'rfecv__estimator__alpha': 1, 'rfecv__min_features_to_select': 2}","['ECY7', 'term_spread']",0.5072575285417803,-5.582470776877236,6.19915807323381,6.5265266028153
158,2013-03-01,13.547854669365876,6.829490271328907,6.718364398036969,"{'rfecv__estimator__alpha': 1, 'rfecv__min_features_to_select': 2}","['ECY7', 'term_spread']",0.5065126458958373,-5.394179858968141,6.202059662284442,6.527217968653939
159,2013-04-01,12.807443633165448,6.706245355547129,6.10119827761832,"{'rfecv__estimator__alpha': 1, 'rfecv__min_features_to_select': 2}","['ECY7', 'term_spread']",0.5055515219353547,-4.936395236133487,6.206769986447627,6.519305710495052
160,2013-05-01,12.21039456005736,6.62082639753437,5.58956816252299,"{'rfecv__estimator__alpha': 1, 'rfecv__min_features_to_select': 2}","['ECY7', 'term_spread']",0.5045381223176045,-4.602762342684208,6.211755439567973,6.484822658460069
161,2013-06-01,12.90066108002682,6.845287076386302,6.055374003640519,"{'rfecv__estimator__alpha': 1, 'rfecv__min_features_to_select': 2}","['ECY7', 'term_spread']",0.5032979608208044,-4.252103294843957,6.21773380097609,6.455193635058182
162,2013-07-01,12.505129306732432,6.811816953922948,5.693312352809484,"{'rfecv__estimator__alpha': 1, 'rfecv__min_features_to_select': 2}","['ECY7', 'term_spread']",0.5023041770638362,-3.796101106547916,6.222187057088955,6.4039483499785765
163,2013-08-01,12.959285709424684,6.851298325068847,6.1079873843558365,"{'rfecv__estimator__alpha': 1, 'rfecv__min_features_to_select': 2}","['ECY7', 'term_spread']",0.5014946064679314,-3.3849223396007893,6.225332616970847,6.3335041510812715
164,2013-09-01,13.0370440714206,6.8202367579818315,6.216807313438769,"{'rfecv__estimator__alpha': 1, 'rfecv__min_features_to_select': 2}","['ECY7', 'term_spread']",0.500702132204634,-3.0279418693170217,6.228183716754933,6.282421345887591
165,2013-10-01,11.649117324233526,6.64561778981086,5.003499534422666,"{'rfecv__estimator__alpha': 1, 'rfecv__min_features_to_select': 2}","['ECY7', 'term_spread']",0.5000788498171634,-2.598509852567239,6.229578038183125,6.256029313057806
166,2013-11-01,10.322742832638076,6.5439366241135755,3.7788062085245,"{'rfecv__estimator__alpha': 1, 'rfecv__min_features_to_select': 2}","['ECY7', 'term_spread']",0.499489374026326,-2.259606609627961,6.230370648184073,6.236444244177056
167,2013-12-01,8.721103091233429,6.588671720590346,2.132431370643083,"{'rfecv__estimator__alpha': 1, 'rfecv__min_features_to_select': 2}","['ECY7', 'term_spread']",0.4988300151324907,-2.0711167436725075,6.231988383455004,6.251674664978773
168,2014-01-01,8.84603131775049,6.56021375601677,2.2858175617337206,"{'rfecv__estimator__alpha': 1, 'rfecv__min_features_to_select': 2}","['ECY7', 'term_spread']",0.49825501840663783,-1.9652993228289746,6.232811135393358,6.265249224535174
169,2014-02-01,10.06808208825476,6.5283496746786,3.5397324135761608,"{'rfecv__estimator__alpha': 1, 'rfecv__min_features_to_select': 2}","['ECY7', 'term_spread']",0.49771045574126394,-1.899855235316929,6.233552486485105,6.2958093830297415
170,2014-03-01,9.86668745341146,6.475724066486101,3.3909633869253595,"{'rfecv__estimator__alpha': 1, 'rfecv__min_features_to_select': 2}","['ECY7', 'term_spread']",0.4971028924682194,-1.812534275475256,6.23516255043846,6.335160469259771
171,2014-04-01,10.576879724700971,6.505907780890453,4.070971943810518,"{'rfecv__estimator__alpha': 1, 'rfecv__min_features_to_select': 2}","['ECY7', 'term_spread']",0.4966317004283759,-1.7930765825919803,6.235731249746275,6.3878400076961865
172,2014-05-01,9.867010113388432,6.3996783415556795,3.467331771832752,"{'rfecv__estimator__alpha': 1, 'rfecv__min_features_to_select': 2}","['ECY7', 'term_spread']",0.4960487881869268,-1.8154634360700415,6.237057502564041,6.426250231041469
173,2014-06-01,9.452649364260555,6.3117861747912345,3.1408631894693206,"{'rfecv__estimator__alpha': 1, 'rfecv__min_features_to_select': 2}","['ECY7', 'term_spread']",0.4955450414131833,-1.8377106471970384,6.238150197920883,6.462457092102302
174,2014-07-01,9.90610604599286,6.27101994030618,3.63508610568668,"{'rfecv__estimator__alpha': 1, 'rfecv__min_features_to_select': 2}","['ECY7', 'term_spread']",0.4948992128975645,-1.790706235085317,6.24032373327883,6.459717653450093
175,2014-08-01,9.270482380651046,6.238297752344829,3.032184628306217,"{'rfecv__estimator__alpha': 1, 'rfecv__min_features_to_select': 2}","['ECY7', 'term_spread']",0.4940459916086758,-1.685697383187142,6.24405008655593,6.474555297280758
176,2014-09-01,9.51217838297167,6.2381831345028935,3.2739952484687773,"{'rfecv__estimator__alpha': 1, 'rfecv__min_features_to_select': 2}","['ECY7', 'term_spread']",0.4932589385502502,-1.6133251725936444,6.247382451966241,6.479014486695799
177,2014-10-01,10.060539913245549,6.180824372276764,3.8797155409687845,"{'rfecv__estimator__alpha': 1, 'rfecv__min_features_to_select': 2}","['ECY7', 'term_spread']",0.49254784069352187,-1.52632674277433,6.250493889655892,6.4842927469850205
178,2014-11-01,9.76258385096932,5.929272189924851,3.833311661044468,"{'rfecv__estimator__alpha': 1, 'rfecv__min_features_to_select': 2}","['ECY7', 'term_spread']",0.49181152401052497,-1.50421676951992,6.253713144077657,6.488290187992412
179,2014-12-01,10.119831999136652,5.843809024991902,4.27602297414475,"{'rfecv__estimator__alpha': 1, 'rfecv__min_features_to_select': 2}","['ECY7', 'term_spread']",0.49136387408901133,-1.5245839608235148,6.254655092295151,6.507351136022309
180,2015-01-01,11.042754065510753,5.677261308770751,5.365492756740002,"{'rfecv__estimator__alpha': 1, 'rfecv__min_features_to_select': 2}","['ECY7', 'term_spread']",0.4905109842740733,-1.5672940633513914,6.25802825806378,6.521568003513055
181,2015-02-01,10.436751665632247,5.655662192872054,4.781089472760193,"{'rfecv__estimator__alpha': 1, 'rfecv__min_features_to_select': 2}","['ECY7', 'term_spread']",0.4898332508347584,-1.6234206795402566,6.260382180342321,6.5349366791727395
182,2015-03-01,5.912021176259364,5.72195339395057,0.19006778230879373,"{'rfecv__estimator__alpha': 1, 'rfecv__min_features_to_select': 2}","['ECY7', 'term_spread']",0.48904745265414556,-1.6694260839138342,6.2635784570533195,6.538884699730303
183,2015-04-01,6.631223354703097,5.635134702767559,0.9960886519355387,"{'rfecv__estimator__alpha': 1, 'rfecv__min_features_to_select': 2}","['ECY7', 'term_spread']",0.48793270484112494,-1.729451540440709,6.268737971042851,6.526970883667453
184,2015-05-01,7.64856677918978,5.848784052497657,1.799782726692123,"{'rfecv__estimator__alpha': 1, 'rfecv__min_features_to_select': 2}","['ECY7', 'term_spread']",0.48705396602940876,-1.7426799800891515,6.272317678375365,6.507508368597249
185,2015-06-01,9.098016398053364,6.032124908443754,3.0658914896096103,"{'rfecv__estimator__alpha': 1, 'rfecv__min_features_to_select': 2}","['ECY7', 'term_spread']",0.4860680020145587,-1.8060957150881491,6.276898628697841,6.504419539248945
186,2015-07-01,9.848165327276314,6.009824339562883,3.8383409877134316,"{'rfecv__estimator__alpha': 1, 'rfecv__min_features_to_select': 2}","['ECY7', 'term_spread']",0.4847735151395845,-1.9103196524538604,6.2839134809459845,6.510396075678161
187,2015-08-01,11.637649397166316,5.996297651185807,5.641351745980509,"{'rfecv__estimator__alpha': 1, 'rfecv__min_features_to_select': 2}","['ECY7', 'term_spread']",0.48387991991553037,-1.9881749615923638,6.28892970361302,6.505952355635
188,2015-09-01,12.515359721667709,6.074873247703841,6.440486473963868,"{'rfecv__estimator__alpha': 1, 'rfecv__min_features_to_select': 2}","['ECY7', 'term_spread']",0.4829407697270045,-2.108190569636728,6.293607244521665,6.529890764132828
189,2015-10-01,11.949983605492942,5.866699836962675,6.083283768530268,"{'rfecv__estimator__alpha': 1, 'rfecv__min_features_to_select': 2}","['ECY7', 'term_spread']",0.48230186914664136,-2.1686881685390835,6.295919967110798,6.559091962362807
190,2015-11-01,12.16387302599554,5.95582794021725,6.2080450857782905,"{'rfecv__estimator__alpha': 1, 'rfecv__min_features_to_select': 2}","['ECY7', 'term_spread']",0.48191238159129257,-2.1952586165245944,6.296402670510132,6.589291548759755
191,2015-12-01,13.33465444205424,5.851415959114695,7.483238482939546,"{'rfecv__estimator__alpha': 1, 'rfecv__min_features_to_select': 2}","['ECY7', 'term_spread']",0.4814900086224868,-2.158705428587752,6.297042995164434,6.588348593272262
192,2016-01-01,15.46112494680113,6.054456262259878,9.406668684541252,"{'rfecv__estimator__alpha': 1, 'rfecv__min_features_to_select': 2}","['ECY7', 'term_spread']",0.48124163285653193,-2.1601443145313532,6.296885309107216,6.589336046002692
193,2016-02-01,16.14209261462737,5.774860901117075,10.367231713510295,"{'rfecv__estimator__alpha': 1, 'rfecv__min_features_to_select': 2}","['ECY7', 'term_spread']",0.48095584344355785,-2.180868999729181,6.297254888333618,6.5803284671805615
194,2016-03-01,14.912024797383571,5.630040902726509,9.281983894657063,"{'rfecv__estimator__alpha': 1, 'rfecv__min_features_to_select': 2}","['ECY7', 'term_spread']",0.4807483636488078,-2.304093355051333,6.297896754404685,6.561552794089329
195,2016-04-01,15.600884357303846,5.696851076028633,9.904033281275213,"{'rfecv__estimator__alpha': 1, 'rfecv__min_features_to_select': 2}","['ECY7', 'term_spread']",0.4804708296628394,-2.48773150800317,6.2995265923546375,6.541752361789929
196,2016-05-01,15.833645136679886,5.775336922320532,10.058308214359354,"{'rfecv__estimator__alpha': 1, 'rfecv__min_features_to_select': 2}","['ECY7', 'term_spread']",0.4799709602883122,-2.7568180356033882,6.302593411324664,6.521651151452168
197,2016-06-01,15.986605242243678,5.532361379152588,10.45424386309109,"{'rfecv__estimator__alpha': 1, 'rfecv__min_features_to_select': 2}","['ECY7', 'term_spread']",0.4794269654004702,-3.0857644598262413,6.30556246227898,6.489852200583507
198,2016-07-01,15.91920433220736,5.317964273171794,10.601240059035566,"{'rfecv__estimator__alpha': 1, 'rfecv__min_features_to_select': 2}","['ECY7', 'term_spread']",0.4791527318840137,-3.417856078112269,6.30699514806827,6.4618185119755625
199,2016-08-01,16.14162183380917,5.3476208668779,10.794000966931272,"{'rfecv__estimator__alpha': 1, 'rfecv__min_features_to_select': 2}","['ECY7', 'term_spread']",0.47875812743122154,-3.8349948373127143,6.309857917986869,6.432340942792689
200,2016-09-01,16.226036886293706,5.54844328590891,10.677593600384796,"{'rfecv__estimator__alpha': 1, 'rfecv__min_features_to_select': 2}","['ECY7', 'term_spread']",0.4784170196131651,-4.383755879837083,6.312004955448865,6.410724192638415
201,2016-10-01,16.42695576185682,5.767974230326207,10.658981531530614,"{'rfecv__estimator__alpha': 1, 'rfecv__min_features_to_select': 2}","['ECY7', 'term_spread']",0.4779841224287159,-4.900398011261174,6.31378712873171,6.398696437523375
202,2016-11-01,17.19945908543746,6.152636136370958,11.046822949066502,"{'rfecv__estimator__alpha': 1, 'rfecv__min_features_to_select': 2}","['ECY7', 'term_spread']",0.47731698958309376,-5.205979654021932,6.31629825522508,6.402592642689848
203,2016-12-01,16.36513339010439,5.821724722423038,10.543408667681351,"{'rfecv__estimator__alpha': 1, 'rfecv__min_features_to_select': 2}","['ECY7', 'term_spread']",0.47667075553500726,-5.355494828909946,6.3189216327126525,6.411493593285384
204,2017-01-01,15.565910953640914,5.622787430151764,9.94312352348915,"{'rfecv__estimator__alpha': 1, 'rfecv__min_features_to_select': 2}","['ECY7', 'term_spread']",0.47585364052660234,-5.442362614353169,6.322690564830113,6.423789436686777
205,2017-02-01,14.315543654392725,5.531522422222095,8.78402123217063,"{'rfecv__estimator__alpha': 1, 'rfecv__min_features_to_select': 2}","['ECY7', 'term_spread']",0.47524463339787354,-5.613945830723358,6.325034179760787,6.432746460405314
206,2017-03-01,13.697990869945809,5.63137036676685,8.066620503178958,"{'rfecv__estimator__alpha': 1, 'rfecv__min_features_to_select': 2}","['ECY7', 'term_spread']",0.47466580901637234,-5.465486501122776,6.326852491842521,6.446035832013272
207,2017-04-01,13.761372951209948,5.1558583191352,8.605514632074748,"{'rfecv__estimator__alpha': 1, 'rfecv__min_features_to_select': 2}","['ECY7', 'term_spread']",0.4740444036810936,-5.056840640239543,6.328977482808111,6.456756390612583
208,2017-05-01,11.563924844070172,4.869403817941157,6.694521026129015,"{'rfecv__estimator__alpha': 1, 'rfecv__min_features_to_select': 2}","['ECY7', 'term_spread']",0.4733700251807552,-4.800111507071446,6.331341871359808,6.449925329426229
209,2017-06-01,10.41189029019808,4.755662959137722,5.656227331060358,"{'rfecv__estimator__alpha': 1, 'rfecv__min_features_to_select': 2}","['ECY7', 'term_spread']",0.47242308060115373,-4.5445013043469435,6.335028401528502,6.441326890790678
210,2017-07-01,10.296974397996772,4.6149666848239566,5.6820077131728155,"{'rfecv__estimator__alpha': 1, 'rfecv__min_features_to_select': 2}","['ECY7', 'term_spread']",0.4717201846341224,-4.219390806031696,6.337275183527673,6.433959471457399
211,2017-08-01,11.583316166341662,4.245337656314371,7.337978510027291,"{'rfecv__estimator__alpha': 1, 'rfecv__min_features_to_select': 2}","['ECY7', 'term_spread']",0.47103080967988814,-3.928251662423281,6.339579635547338,6.415967143543868
212,2017-09-01,9.585658259395958,4.2466581587203605,5.339000100675597,"{'rfecv__estimator__alpha': 1, 'rfecv__min_features_to_select': 2}","['ECY7', 'term_spread']",0.47034129401680796,-3.724032258250074,6.341769715851437,6.405222177835259
213,2017-10-01,8.309035322144476,4.220754383561181,4.088280938583295,"{'rfecv__estimator__alpha': 1, 'rfecv__min_features_to_select': 2}","['ECY7', 'term_spread']",0.4697419897256011,-3.4186099346663226,6.343181261524639,6.401923146983469
214,2017-11-01,9.027697670576371,4.308275471955871,4.7194221986205,"{'rfecv__estimator__alpha': 1, 'rfecv__min_features_to_select': 2}","['ECY7', 'term_spread']",0.4690540216184832,-3.0655636704571654,6.345183375738283,6.364006054734731
215,2017-12-01,8.384333174104041,4.054897746342199,4.329435427761842,"{'rfecv__estimator__alpha': 1, 'rfecv__min_features_to_select': 2}","['ECY7', 'term_spread']",0.46841723493406334,-2.8989645142729965,6.3472672483003745,6.389587937257472
216,2018-01-01,7.620493250801363,3.6382135979614714,3.982279652839892,"{'rfecv__estimator__alpha': 1, 'rfecv__min_features_to_select': 2}","['ECY7', 'term_spread']",0.46778815264492707,-2.838040806917241,6.349266739160957,6.427209724665178
217,2018-02-01,8.848430279035247,3.961975797763718,4.886454481271529,"{'rfecv__estimator__alpha': 1, 'rfecv__min_features_to_select': 2}","['ECY7', 'term_spread']",0.46718664399966964,-2.818837175297965,6.351291324826996,6.462184072214209
218,2018-03-01,8.230645540737525,3.718644064049131,4.512001476688393,"{'rfecv__estimator__alpha': 1, 'rfecv__min_features_to_select': 2}","['ECY7', 'term_spread']",0.46677974751539814,-2.857687732411663,6.3523027673983785,6.5032956639839465
219,2018-04-01,9.377920352596336,3.428375984838377,5.949544367757959,"{'rfecv__estimator__alpha': 1, 'rfecv__min_features_to_select': 2}","['ECY7', 'term_spread']",0.46637523312197804,-3.1995908126186476,6.353573961480427,6.557786868254024
220,2018-05-01,9.079993847315691,3.4075901394336405,5.672403707882051,"{'rfecv__estimator__alpha': 1, 'rfecv__min_features_to_select': 2}","['ECY7', 'term_spread']",0.46580885871949806,-3.420687826398546,6.355606592620399,6.593583829227531
221,2018-06-01,9.610870938139003,2.9230527574302867,6.6878181807087165,"{'rfecv__estimator__alpha': 0.01, 'rfecv__min_features_to_select': 3}","['ECY7', 'term_spread', 'infl_vol_12m', 'infl_trend_5y']",0.5274568701179205,-3.526542245018624,5.963376676091829,7.084542282973771
222,2018-07-01,10.030840860430102,2.240809871752541,7.790030988677561,"{'rfecv__estimator__alpha': 0.0001, 'rfecv__min_features_to_select': 3}","['ECY7', 'term_spread', 'infl_vol_12m', 'infl_trend_5y']",0.5268984788378276,-3.629334954243089,5.9657734648047605,7.125043769978725
223,2018-08-01,9.232236896426029,2.1830275364946035,7.049209359931425,"{'rfecv__estimator__alpha': 0.0001, 'rfecv__min_features_to_select': 3}","['ECY7', 'term_spread', 'infl_vol_12m', 'infl_trend_5y']",0.5262184399004152,-3.701795140087794,5.969089652553961,7.148928063749069
224,2018-09-01,8.615858836650824,2.610735257598922,6.005123579051903,"{'rfecv__estimator__alpha': 0.0001, 'rfecv__min_features_to_select': 3}","['ECY7', 'term_spread', 'infl_vol_12m', 'infl_trend_5y']",0.5257050671052224,-3.74005111697635,5.971054277987461,7.180923436935444
225,2018-10-01,8.743761976995367,2.0988063254138476,6.64495565158152,"{'rfecv__estimator__alpha': 0.0001, 'rfecv__min_features_to_select': 3}","['ECY7', 'term_spread', 'infl_vol_12m', 'infl_trend_5y']",0.5252546087234738,-3.75102741397777,5.972581782873365,7.204230235513527
226,2018-11-01,10.10473912640456,2.501375530024735,7.603363596379825,"{'rfecv__estimator__alpha': 0.1, 'rfecv__min_features_to_select': 2}","['ECY7', 'term_spread', 'infl_vol_12m', 'infl_trend_5y']",0.5087735909341756,-3.6955531873046916,6.085397743338843,7.0288303932980725
227,2018-12-01,12.401245124257231,2.3472132535468706,10.05403187071036,"{'rfecv__estimator__alpha': 0.1, 'rfecv__min_features_to_select': 2}","['ECY7', 'term_spread', 'infl_vol_12m', 'infl_trend_5y']",0.5086181347067597,-3.5528608115425024,6.084546786903127,7.030076793658894
228,2019-01-01,12.595073931339927,2.4472999292384285,10.1477740021015,"{'rfecv__estimator__alpha': 1, 'rfecv__min_features_to_select': 2}","['ECY7', 'term_spread']",0.46211492078856253,-3.3221984163231926,6.365508067646907,6.790372433870154
229,2019-02-01,12.20128784743676,2.8295545274208163,9.371733320015943,"{'rfecv__estimator__alpha': 1, 'rfecv__min_features_to_select': 2}","['ECY7', 'term_spread']",0.46197995727986785,-3.1123540138264367,6.363974343244678,6.797614437171894
230,2019-03-01,12.43860728683994,2.5710123413531862,9.867594945486754,"{'rfecv__estimator__alpha': 1, 'rfecv__min_features_to_select': 2}","['ECY7', 'term_spread']",0.46183473343395054,-3.0854947098914045,6.362677607316665,6.799015386143672
231,2019-04-01,11.366060505917208,2.081188143238747,9.28487236267846,"{'rfecv__estimator__alpha': 1, 'rfecv__min_features_to_select': 2}","['ECY7', 'term_spread']",0.46136101553970044,-3.0363866446694274,6.363192438738058,6.79700012040638
232,2019-05-01,12.20618611351856,2.087982446953033,10.118203666565527,"{'rfecv__estimator__alpha': 1, 'rfecv__min_features_to_select': 2}","['ECY7', 'term_spread']",0.46106935168767127,-3.0025159355671454,6.36256426894117,6.810459168552249
233,2019-06-01,12.623078359147156,2.3669859071262245,10.256092452020932,"{'rfecv__estimator__alpha': 1, 'rfecv__min_features_to_select': 2}","['ECY7', 'term_spread']",0.460736238927065,-3.0104023682474184,6.362645680185087,6.823459927817552
234,2019-07-01,12.26326088397638,1.832749266914619,10.43051161706176,"{'rfecv__estimator__alpha': 1, 'rfecv__min_features_to_select': 2}","['ECY7', 'term_spread']",0.4600901439400093,-3.058708575454635,6.365163783921708,6.833418550442254
235,2019-08-01,12.686898080065,2.5501781745917587,10.13671990547324,"{'rfecv__estimator__alpha': 1, 'rfecv__min_features_to_select': 2}","['ECY7', 'term_spread']",0.4598115185042437,-3.1197596235821945,6.365940338867134,6.854357202864053
236,2019-09-01,12.563558371103088,2.1037471752802483,10.45981119582284,"{'rfecv__estimator__alpha': 1, 'rfecv__min_features_to_select': 2}","['ECY7', 'term_spread']",0.45946720920487855,-3.127649253495832,6.366631910130153,6.876196770000406
237,2019-10-01,13.20641616720426,2.752459016237391,10.453957150966868,"{'rfecv__estimator__alpha': 1, 'rfecv__min_features_to_select': 2}","['ECY7', 'term_spread']",0.4593078182522713,-3.071931527756808,6.365996430695873,6.904572690586937
238,2019-11-01,12.731963726510198,3.2536491677593204,9.478314558750878,"{'rfecv__estimator__alpha': 1, 'rfecv__min_features_to_select': 2}","['ECY7', 'term_spread']",0.4591923750539349,-3.0566800385768476,6.364988065800104,6.937842549319406
239,2019-12-01,12.466434965596372,2.827369940308868,9.639065025287504,"{'rfecv__estimator__alpha': 1, 'rfecv__min_features_to_select': 2}","['ECY7', 'term_spread']",0.4590183837371792,-2.9997524069260106,6.364400422462516,6.946446585255464
240,2020-01-01,11.594299105377605,2.8881408040831653,8.70615830129444,"{'rfecv__estimator__alpha': 1, 'rfecv__min_features_to_select': 2}","['ECY7', 'term_spread']",0.4590337033219219,-2.9947672046007887,6.362887282155486,6.961102046882928
241,2020-02-01,11.76157743975038,2.9815497225754006,8.780027717174978,"{'rfecv__estimator__alpha': 1, 'rfecv__min_features_to_select': 2}","['ECY7', 'term_spread']",0.458991437542739,-3.055227063289261,6.362050383052223,6.966809888422236
242,2020-03-01,15.062152217923009,3.3760041708837165,11.686148047039293,"{'rfecv__estimator__alpha': 1, 'rfecv__min_features_to_select': 2}","['ECY7', 'term_spread']",0.4590583253447676,-3.2353953275936655,6.361216611501652,6.966126386123675
243,2020-04-01,12.76935471834647,5.333387443969912,7.435967274376559,"{'rfecv__estimator__alpha': 1, 'rfecv__min_features_to_select': 2}","['ECY7', 'term_spread']",0.4589449985073751,-3.245881143618212,6.36218742498607,6.951330690144906
244,2020-05-01,13.20038330188914,4.912204834576494,8.288178467312646,"{'rfecv__estimator__alpha': 1, 'rfecv__min_features_to_select': 2}","['ECY7', 'term_spread']",0.45858568298299734,-3.4159247509701918,6.364727893768079,6.929978211199867
245,2020-06-01,12.585945053101224,4.800361187624055,7.785583865477169,"{'rfecv__estimator__alpha': 1, 'rfecv__min_features_to_select': 2}","['ECY7', 'term_spread']",0.45819371572466194,-3.695001887390952,6.367038250943432,6.8995417961621675
