Date,Actual,Predicted,RMSE,Best Parameters,CV_Train_R2,CV_Valid_R2,CV_Train_RMSE,CV_Valid_RMSE
2000-01-01,-4.753848389764603,2.288231814189459,7.042080203954063,"{'max_depth': 3, 'max_features': 'sqrt', 'min_samples_leaf': 5}",0.7329031743784284,-4.006450688900102,4.832616210529563,7.037594867028688
2000-02-01,-3.899389098700856,2.5563492474270646,6.455738346127921,"{'max_depth': 3, 'max_features': 'sqrt', 'min_samples_leaf': 5}",0.7334717842216448,-3.9428019683229465,4.82628122550075,7.094766106495382
2000-03-01,-4.637389701845462,-1.1807324809344664,3.456657220910996,"{'max_depth': 3, 'max_features': 'sqrt', 'min_samples_leaf': 5}",0.7334536735731448,-3.9465638609076996,4.823776232193187,7.141042466543907
2000-04-01,-5.313298953979617,-1.1321150645623954,4.1811838894172215,"{'max_depth': 3, 'max_features': 'sqrt', 'min_samples_leaf': 5}",0.7336523831166168,-3.994328071601563,4.819918572523545,7.189300932742165
2000-05-01,-4.463974324855757,-1.42228877191656,3.041685552939197,"{'max_depth': 3, 'max_features': 'sqrt', 'min_samples_leaf': 5}",0.7334351701588909,-4.092624417328546,4.819033542861372,7.22809726635616
2000-06-01,-4.61666773197873,2.4791777376892417,7.095845469667971,"{'max_depth': 3, 'max_features': 'sqrt', 'min_samples_leaf': 5}",0.732909008177176,-4.243766625552715,4.82090748438926,7.278855662905138
2000-07-01,-4.3861572376974305,-2.2776486275652568,2.1085086101321737,"{'max_depth': 3, 'max_features': 'sqrt', 'min_samples_leaf': 5}",0.7326410672163435,-4.4036036222853685,4.821251633029453,7.316624558226046
2000-08-01,-4.4608834365842505,-2.437129745512586,2.0237536910716645,"{'max_depth': 3, 'max_features': 'sqrt', 'min_samples_leaf': 5}",0.7317169462155569,-4.620882926042498,4.826969274751221,7.334956330328512
2000-09-01,-4.150682092934476,-2.5167412257802937,1.6339408671541822,"{'max_depth': 3, 'max_features': 'sqrt', 'min_samples_leaf': 5}",0.7317847578917268,-4.960355566370187,4.82508343862811,7.374318933707839
2000-10-01,-3.5769610381637063,-2.846643520352797,0.7303175178109091,"{'max_depth': 3, 'max_features': 'sqrt', 'min_samples_leaf': 5}",0.7310383098505364,-5.324118462549031,4.829226587424637,7.402923650325256
2000-11-01,-2.643489412631539,-2.7886509136351867,0.14516150100364777,"{'max_depth': 3, 'max_features': 'sqrt', 'min_samples_leaf': 5}",0.7303645687976585,-5.655736922051026,4.8324197163357026,7.445985116681233
2000-12-01,-1.5364346099889017,-3.065124255744235,1.5286896457553334,"{'max_depth': 3, 'max_features': 'sqrt', 'min_samples_leaf': 5}",0.7296947168037897,-5.878269259029479,4.834946784695332,7.4767802894129805
2001-01-01,-1.3012255557292465,-3.0958621121798875,1.794636556450641,"{'max_depth': 3, 'max_features': 'sqrt', 'min_samples_leaf': 5}",0.7297246991697719,-6.046272240426335,4.831326323634258,7.511696819199948
2001-02-01,-0.8712027019639579,-1.5638762013124423,0.6926734993484844,"{'max_depth': 3, 'max_features': 'sqrt', 'min_samples_leaf': 5}",0.7296410839932486,-6.2697686231227925,4.82873469590164,7.513816607346594
2001-03-01,1.333316783522076,1.998464418467107,0.6651476349450309,"{'max_depth': 3, 'max_features': 'sqrt', 'min_samples_leaf': 5}",0.7290535916159929,-6.263784972031011,4.831277255298349,7.529175576080298
2001-04-01,1.4085321442264709,0.6594239920908121,0.7491081521356587,"{'max_depth': 3, 'max_features': 'sqrt', 'min_samples_leaf': 5}",0.7285234156333379,-5.973641128410095,4.832848968547196,7.507839989417462
2001-05-01,-0.1028796335487136,3.363134999613473,3.4660146331621866,"{'max_depth': 3, 'max_features': 'sqrt', 'min_samples_leaf': 5}",0.7282393453910506,-5.782407342393065,4.832305900133896,7.502249179460901
2001-06-01,-0.1908844815682431,6.107427497312857,6.2983119788811,"{'max_depth': 3, 'max_features': 0.5, 'min_samples_leaf': 5}",0.7274693779192757,-5.646904975160802,4.836148611111689,7.520300771040874
2001-07-01,0.4691443285812724,6.3176465753355595,5.848502246754287,"{'max_depth': 3, 'max_features': 'sqrt', 'min_samples_leaf': 5}",0.7265395461365592,-5.429635247202364,4.841385236494043,7.540597649860328
2001-08-01,1.3160919112118807,6.945342856861461,5.629250945649581,"{'max_depth': 3, 'max_features': 'sqrt', 'min_samples_leaf': 5}",0.726041110427274,-5.265831871034095,4.842276640483648,7.548599331563125
2001-09-01,4.24660639667056,6.855353871073095,2.6087474744025343,"{'max_depth': 3, 'max_features': 'sqrt', 'min_samples_leaf': 5}",0.7256018466901362,-5.129072563393933,4.842527094873434,7.5706973597700795
2001-10-01,4.2977465442795015,6.924181252619616,2.6264347083401143,"{'max_depth': 3, 'max_features': 0.5, 'min_samples_leaf': 5}",0.72486751149203,-4.941971059941289,4.845956984874523,7.592621649059601
2001-11-01,3.637221780703837,6.82021335896431,3.1829915782604727,"{'max_depth': 3, 'max_features': 'sqrt', 'min_samples_leaf': 5}",0.7241192884875743,-4.78303723293674,4.849659360816598,7.602241416948763
2001-12-01,3.72234096502736,7.748242878025642,4.0259019129982825,"{'max_depth': 3, 'max_features': 'sqrt', 'min_samples_leaf': 5}",0.7243050843997594,-4.674683483317149,4.844989556539501,7.594356972833706
2002-01-01,3.866912025114022,7.760204166003215,3.8932921408891925,"{'max_depth': 3, 'max_features': 'sqrt', 'min_samples_leaf': 5}",0.7240427576659139,-4.633591875059586,4.843876800209948,7.582941921311685
2002-02-01,4.855424410017328,8.259115131565204,3.4036907215478767,"{'max_depth': 3, 'max_features': 'sqrt', 'min_samples_leaf': 5}",0.7235622276103191,-4.590369874802971,4.8448661447829595,7.578513474297778
2002-03-01,3.2717374045724723,7.803373486667598,4.531636082095126,"{'max_depth': 3, 'max_features': 'sqrt', 'min_samples_leaf': 5}",0.7228486853500878,-4.509396381799876,4.848001898800738,7.564794611437662
2002-04-01,4.805562824967591,7.825965205437881,3.0204023804702897,"{'max_depth': 3, 'max_features': 'sqrt', 'min_samples_leaf': 5}",0.72239029744539,-4.489138249522937,4.849283572277445,7.5490547541256205
2002-05-01,6.048133338706208,8.245570387449064,2.197437048742856,"{'max_depth': 3, 'max_features': 'sqrt', 'min_samples_leaf': 5}",0.7231007063560922,-4.462421404804336,4.8402287375449005,7.5425143597066775
2002-06-01,7.3645404213523395,8.317150722105056,0.9526103007527169,"{'max_depth': 3, 'max_features': 'sqrt', 'min_samples_leaf': 10}",0.7135649997039548,-4.490566560702853,4.923150499629965,7.551366898191576
2002-07-01,9.90861241127674,6.875049440832911,3.033562970443829,"{'max_depth': 3, 'max_features': 'sqrt', 'min_samples_leaf': 10}",0.7125654601163401,-4.541280741500663,4.929553979201126,7.54706863558065
2002-08-01,8.678944453513292,5.505467476581694,3.173476976931598,"{'max_depth': 7, 'max_features': 'sqrt', 'min_samples_leaf': 20}",0.7863230728420229,-4.606645629486367,4.261620200430513,7.775738141456699
2002-09-01,10.371535327109182,6.846992628894557,3.524542698214625,"{'max_depth': 3, 'max_features': 'sqrt', 'min_samples_leaf': 20}",0.7003906892441575,-4.6142001921106495,5.034074566809259,7.544242997511205
2002-10-01,11.292813024223538,6.784846474630865,4.507966549592672,"{'max_depth': 3, 'max_features': 'sqrt', 'min_samples_leaf': 20}",0.6995901960678454,-4.757299750069165,5.038771163553302,7.543804212441609
2002-11-01,8.74352311988158,5.4459828076061205,3.2975403122754594,"{'max_depth': 7, 'max_features': 'sqrt', 'min_samples_leaf': 20}",0.7869306173152868,-4.998595361127316,4.2504386486272585,7.778659747312882
2002-12-01,9.20346656933756,6.605152826603047,2.598313742734514,"{'max_depth': 3, 'max_features': 'sqrt', 'min_samples_leaf': 20}",0.6990558403900016,-5.207499902956653,5.039741217668136,7.564578657708215
2003-01-01,7.740998132093391,6.703300461362074,1.0376976707313164,"{'max_depth': 3, 'max_features': 'sqrt', 'min_samples_leaf': 5}",0.7204180916464663,-5.503661469915718,4.847541324173748,7.539061593019537
2003-02-01,8.835078729217095,6.944964295358128,1.890114433858967,"{'max_depth': 3, 'max_features': 'sqrt', 'min_samples_leaf': 5}",0.7195919326938339,-5.542286273192384,4.855320298976691,7.52679071477536
2003-03-01,7.958164938429291,6.921144235961391,1.0370207024679,"{'max_depth': 3, 'max_features': 'sqrt', 'min_samples_leaf': 5}",0.718677553789628,-5.367968523496425,4.862036872560169,7.488451154380804
2003-04-01,7.715219124339267,6.950105731013513,0.7651133933257546,"{'max_depth': 3, 'max_features': 'sqrt', 'min_samples_leaf': 5}",0.7185787917421466,-5.314648913974081,4.862403641971052,7.502795108539104
2003-05-01,7.115717640698338,6.898552521225898,0.21716511947244044,"{'max_depth': 3, 'max_features': 'sqrt', 'min_samples_leaf': 5}",0.7180225349910847,-5.166652424354503,4.866005876641118,7.529378704320982
2003-06-01,5.002862257818341,7.009770739238393,2.0069084814200515,"{'max_depth': 3, 'max_features': 0.5, 'min_samples_leaf': 5}",0.7172144079675556,-5.205509838401631,4.872678045769639,7.515270397375402
2003-07-01,3.559123301672751,8.777248110802692,5.218124809129941,"{'max_depth': 3, 'max_features': 'sqrt', 'min_samples_leaf': 5}",0.7171348556416951,-5.407502062416895,4.871999177123372,7.535726360541432
2003-08-01,4.018723717012273,8.748647356425622,4.729923639413348,"{'max_depth': 3, 'max_features': 'sqrt', 'min_samples_leaf': 5}",0.7174833256744538,-5.132254557953393,4.866710449753493,7.5295545979592555
2003-09-01,2.3459378686069843,8.724595720024626,6.378657851417641,"{'max_depth': 3, 'max_features': 'sqrt', 'min_samples_leaf': 5}",0.716909884824511,-4.710917199966959,4.87035041509934,7.519491282710093
2003-10-01,-2.5526263764480417,8.758973042062054,11.311599418510095,"{'max_depth': 3, 'max_features': 0.5, 'min_samples_leaf': 5}",0.7175724334542205,-4.323433672962612,4.863571028137659,7.5363544889353316
2003-11-01,-4.525700274419198,8.814090341772918,13.339790616192115,"{'max_depth': 3, 'max_features': 0.5, 'min_samples_leaf': 5}",0.7169339435845857,-4.087557566271741,4.869030639674292,7.537240383409708
2003-12-01,-5.162482690619008,8.75830377472774,13.920786465346747,"{'max_depth': 3, 'max_features': 'sqrt', 'min_samples_leaf': 5}",0.716457512870587,-3.8746735344202117,4.872022569851482,7.531981348716018
2004-01-01,-6.270303621999995,8.745077627486118,15.015381249486113,"{'max_depth': 3, 'max_features': 'sqrt', 'min_samples_leaf': 5}",0.7165318978760382,-3.699619910051472,4.870077503905162,7.515709670572993
2004-02-01,-7.758748833974161,8.775275797533075,16.534024631507236,"{'max_depth': 3, 'max_features': 'sqrt', 'min_samples_leaf': 5}",0.7169394340321954,-3.6022293301128365,4.8653456304239215,7.497068313296446
2004-03-01,-8.541443660719583,6.992801126919464,15.534244787639047,"{'max_depth': 3, 'max_features': 0.5, 'min_samples_leaf': 5}",0.7170275124861306,-3.5571689223105207,4.86222264039814,7.460517084369822
2004-04-01,-6.550414095291834,8.69145223523349,15.241866330525323,"{'max_depth': 3, 'max_features': 'sqrt', 'min_samples_leaf': 5}",0.7172761644165966,-3.558301448467405,4.857727724685549,7.438418155325915
2004-05-01,-4.828883838155451,8.564120182133461,13.393004020288913,"{'max_depth': 3, 'max_features': 'sqrt', 'min_samples_leaf': 5}",0.7167048082833831,-3.6095725506131733,4.860133071977978,7.402696026044859
2004-06-01,-4.808791315966154,8.584209263895769,13.393000579861923,"{'max_depth': 3, 'max_features': 'sqrt', 'min_samples_leaf': 5}",0.7163820073468621,-3.7364227870124447,4.859882423788832,7.393378670231918
2004-07-01,-4.1143754114383535,8.655178426583472,12.769553838021825,"{'max_depth': 3, 'max_features': 'sqrt', 'min_samples_leaf': 5}",0.7160621729850903,-3.8474171673005757,4.860632569162441,7.355251908608772
2004-08-01,-2.307005424252906,7.58717369106252,9.894179115315426,"{'max_depth': 3, 'max_features': 'sqrt', 'min_samples_leaf': 5}",0.7150718063715716,-4.027996414893318,4.866546624217864,7.310860569666781
2004-09-01,-2.1238921232108576,6.918293381007683,9.04218550421854,"{'max_depth': 3, 'max_features': 0.5, 'min_samples_leaf': 5}",0.7152223752693201,-4.319826008029368,4.864062558794674,7.280727223914925
2004-10-01,-1.6570872115793225,6.962055242925346,8.619142454504669,"{'max_depth': 3, 'max_features': 'sqrt', 'min_samples_leaf': 5}",0.7146830634673548,-4.642198981129907,4.866430634837678,7.2624986765933075
2004-11-01,-2.137846958843592,6.857769821913337,8.99561678075693,"{'max_depth': 3, 'max_features': 'sqrt', 'min_samples_leaf': 5}",0.7140861488709442,-4.907719073136657,4.868628017386955,7.235044796657347
2004-12-01,-2.203858897004596,6.84244655575952,9.046305452764116,"{'max_depth': 3, 'max_features': 'sqrt', 'min_samples_leaf': 5}",0.7133738267634422,-5.0582821660756085,4.871999792200174,7.214920212543162
2005-01-01,-1.6399092697118478,6.7886570353432045,8.428566305055053,"{'max_depth': 3, 'max_features': 'sqrt', 'min_samples_leaf': 5}",0.713420460374816,-5.13871831035957,4.868325937093688,7.202248768507675
2005-02-01,-2.51539609174537,6.835190717138008,9.350586808883378,"{'max_depth': 3, 'max_features': 'sqrt', 'min_samples_leaf': 5}",0.7133601974146739,-5.253589438674836,4.865895257800651,7.158507774088996
2005-03-01,-1.2910941196683456,6.9469897349282625,8.238083854596608,"{'max_depth': 3, 'max_features': 'sqrt', 'min_samples_leaf': 5}",0.712737859294723,-5.125676717696649,4.869068483303246,7.152509285661667
2005-04-01,0.033204565530065,6.961068539553347,6.927863974023282,"{'max_depth': 3, 'max_features': 'sqrt', 'min_samples_leaf': 5}",0.7124415322979818,-4.704905301400539,4.869378552081214,7.116485651988128
2005-05-01,-1.393237786083712,6.897908178545594,8.291145964629305,"{'max_depth': 3, 'max_features': 'sqrt', 'min_samples_leaf': 5}",0.7121848204336955,-4.424745981438125,4.868913359698939,7.08675409271168
2005-06-01,-2.4837625721003453,6.8983085537915905,9.382071125891937,"{'max_depth': 3, 'max_features': 'sqrt', 'min_samples_leaf': 5}",0.7115084098618792,-4.230665692598577,4.872112777006156,7.074763786426933
2005-07-01,-2.821035062860189,6.901800527212128,9.722835590072316,"{'max_depth': 3, 'max_features': 'sqrt', 'min_samples_leaf': 5}",0.7104325231957845,-3.9669558772698545,4.878750553618796,7.0728122098643
2005-08-01,-2.657667354391169,3.7100484365770505,6.367715790968219,"{'max_depth': 3, 'max_features': 0.5, 'min_samples_leaf': 5}",0.7100225473205993,-3.747169739286695,4.8792183204128445,7.042294767879895
2005-09-01,-2.01145464786886,3.7013834891793556,5.712838137048216,"{'max_depth': 3, 'max_features': 'sqrt', 'min_samples_leaf': 5}",0.7093634981764013,-3.583017171091764,4.881739217478468,7.034052012862001
2005-10-01,-0.5440660525052987,7.588375851488101,8.1324419039934,"{'max_depth': 3, 'max_features': 'sqrt', 'min_samples_leaf': 5}",0.7087436337390738,-3.3620563748312633,4.884099481508942,7.034830949793552
2005-11-01,-0.7670547066042532,-0.2120009855757328,0.5550537210285205,"{'max_depth': 3, 'max_features': 'sqrt', 'min_samples_leaf': 5}",0.7079740459529644,-3.1803091885855372,4.887960459545346,7.0241536198301
2005-12-01,-0.4009117101453796,-1.2515438468680289,0.8506321367226493,"{'max_depth': 3, 'max_features': 'sqrt', 'min_samples_leaf': 5}",0.7081226724783684,-3.0874345405373402,4.883933267765519,6.987540633178145
2006-01-01,0.0559665718845581,-2.9350039170157696,2.9909704889003277,"{'max_depth': 3, 'max_features': 'sqrt', 'min_samples_leaf': 5}",0.7074564258605465,-3.063824809122341,4.885973215526296,6.937074160561303
2006-02-01,0.7478066440674169,-1.513723710407537,2.261530354474954,"{'max_depth': 3, 'max_features': 'sqrt', 'min_samples_leaf': 5}",0.706929661239747,-3.1022347710728497,4.887386729286756,6.896427666039399
2006-03-01,0.2985157716024589,-1.9586578053128039,2.257173576915263,"{'max_depth': 3, 'max_features': 'sqrt', 'min_samples_leaf': 5}",0.7062422160911298,-3.0945750127802287,4.890759385731115,6.85774019025465
2006-04-01,0.6514213320706119,-1.5750617160677558,2.226483048138368,"{'max_depth': 3, 'max_features': 'sqrt', 'min_samples_leaf': 5}",0.7057574142854354,-3.1773757974746024,4.8924738431639625,6.821730669975759
2006-05-01,1.028007509570894,-3.3056351237591195,4.3336426333300135,"{'max_depth': 3, 'max_features': 'sqrt', 'min_samples_leaf': 5}",0.7061371447099651,-3.3125089789799804,4.887009247692575,6.809505062156959
2006-06-01,0.9093896299913752,-5.677875687316674,6.5872653173080495,"{'max_depth': 7, 'max_features': 'sqrt', 'min_samples_leaf': 10}",0.8359017472207729,-3.311578431184271,3.650339980295641,6.9427325708531535
2006-07-01,1.4606283643140094,-5.585497344578662,7.046125708892671,"{'max_depth': 7, 'max_features': 'sqrt', 'min_samples_leaf': 10}",0.8354107094453693,-3.347072196971472,3.6547288796150434,6.949962756202514
2006-08-01,-1.1000216745276958,-6.662416385377887,5.562394710850191,"{'max_depth': 7, 'max_features': 'sqrt', 'min_samples_leaf': 10}",0.8352618493682521,-3.323235655826708,3.655639934783692,6.936157881888479
2006-09-01,-1.6621004385541482,-6.3242246450918,4.662124206537651,"{'max_depth': 7, 'max_features': 'sqrt', 'min_samples_leaf': 10}",0.8347702860347149,-3.2788093230436646,3.66006074344,6.904801155739865
2006-10-01,-1.692250792545491,-2.4781371130602303,0.7858863205147393,"{'max_depth': 3, 'max_features': 'sqrt', 'min_samples_leaf': 10}",0.6962160469546131,-3.1011352543458495,4.963541185045005,6.80775759336573
2006-11-01,-1.653574127082991,1.8186738916332603,3.472248018716251,"{'max_depth': 3, 'max_features': 'sqrt', 'min_samples_leaf': 10}",0.695963022658565,-2.986150219057584,4.965081355283788,6.822121155253304
2006-12-01,-1.68905713883718,2.319390568905431,4.0084477077426115,"{'max_depth': 3, 'max_features': 'sqrt', 'min_samples_leaf': 10}",0.6951052921503712,-2.9230420041202607,4.971114671152256,6.831604311370112
2007-01-01,-0.8234799202178955,0.7230260466463327,1.5465059668642283,"{'max_depth': 3, 'max_features': 'sqrt', 'min_samples_leaf': 10}",0.69411713093764,-2.907803569388126,4.978454827213623,6.855859318768308
2007-02-01,-0.2576303472793917,1.925309203061816,2.1829395503412075,"{'max_depth': 3, 'max_features': 'sqrt', 'min_samples_leaf': 10}",0.6936159676901799,-2.8185654148061294,4.9823870058372615,6.857284607131591
2007-03-01,0.8880295014278006,2.4677944767899267,1.5797649753621261,"{'max_depth': 3, 'max_features': 'sqrt', 'min_samples_leaf': 5}",0.7016312953780314,-2.701570268007456,4.91277780595705,6.8215989798522525
2007-04-01,0.1541350671867558,2.2882429854836435,2.1341079182968876,"{'max_depth': 3, 'max_features': 'sqrt', 'min_samples_leaf': 5}",0.7014662944242163,-2.627435446573659,4.913948930693856,6.805438293540896
2007-05-01,-1.041614112096001,1.8421021430067583,2.883716255102759,"{'max_depth': 3, 'max_features': 'sqrt', 'min_samples_leaf': 5}",0.7007544494241297,-2.5928889517818066,4.919195973547323,6.828948572770848
2007-06-01,-1.2571063000445526,-0.024115868604841172,1.2329904314397113,"{'max_depth': 3, 'max_features': 'sqrt', 'min_samples_leaf': 5}",0.6998734906064286,-2.5706495671624503,4.926288048734266,6.813934117312927
2007-07-01,-0.7269970529172554,0.9685489379080419,1.6955459908252972,"{'max_depth': 3, 'max_features': 0.5, 'min_samples_leaf': 5}",0.6988583780366141,-2.6047164674104053,4.933432533476461,6.831560244434948
2007-08-01,0.8595148534937924,2.449956919785039,1.5904420662912466,"{'max_depth': 3, 'max_features': 0.5, 'min_samples_leaf': 5}",0.6985103310745197,-2.6384738972856434,4.9341567690351855,6.849422616747494
2007-09-01,0.9100493478427784,3.5316086192908567,2.621559271448078,"{'max_depth': 3, 'max_features': 'sqrt', 'min_samples_leaf': 5}",0.6974704397289239,-2.8035119470898495,4.941760647497922,6.860629738578358
2007-10-01,0.3443532869657706,3.467675933935671,3.1233226469699003,"{'max_depth': 3, 'max_features': 'sqrt', 'min_samples_leaf': 5}",0.6980853457514852,-2.947919101612911,4.935006963911986,6.870855376392861
2007-11-01,0.8167139463083783,2.6995393554225666,1.8828254091141883,"{'max_depth': 3, 'max_features': 'sqrt', 'min_samples_leaf': 5}",0.6974260385087631,-2.983290927928679,4.940031633989,6.894200124928994
2007-12-01,1.0521358214682586,4.2734333874427115,3.221297565974453,"{'max_depth': 3, 'max_features': 'sqrt', 'min_samples_leaf': 5}",0.6961390856451413,-2.8971368011459644,4.94916645969743,6.877836118441679
2008-01-01,3.320934473563919,6.948995805008074,3.6280613314441545,"{'max_depth': 3, 'max_features': 'sqrt', 'min_samples_leaf': 5}",0.6959767468186264,-2.902949051982166,4.949404122476463,6.8753522743817355
2008-02-01,4.136793745333778,6.802409298102866,2.665615552769088,"{'max_depth': 3, 'max_features': 'sqrt', 'min_samples_leaf': 5}",0.6959822857873402,-2.9164375167962246,4.948303428304497,6.871066748077423
2008-03-01,5.280008552318105,6.947670932779675,1.6676623804615707,"{'max_depth': 3, 'max_features': 'sqrt', 'min_samples_leaf': 5}",0.6954783765110683,-2.9286674707583993,4.951378811155219,6.846022318627419
2008-04-01,4.760575200906869,6.819788706823233,2.0592135059163637,"{'max_depth': 3, 'max_features': 0.5, 'min_samples_leaf': 5}",0.6956686854006476,-2.947458640750373,4.948606169337308,6.820813220866376
2008-05-01,5.205723563421582,6.816449273100436,1.6107257096788539,"{'max_depth': 3, 'max_features': 'sqrt', 'min_samples_leaf': 5}",0.6950581350885755,-3.017434746520003,4.952345919580641,6.793274046832367
2008-06-01,5.919222075531671,6.97943096321612,1.0602088876844489,"{'max_depth': 3, 'max_features': 0.5, 'min_samples_leaf': 5}",0.6944700464667436,-3.140172981486887,4.955725403190156,6.75875136423399
2008-07-01,7.961367438445855,6.888431135649986,1.0729363027958687,"{'max_depth': 3, 'max_features': 'sqrt', 'min_samples_leaf': 5}",0.6940810457246308,-3.2591832833525562,4.958016648505747,6.702144551044175
2008-08-01,7.587613311426833,6.765198527034172,0.8224147843926612,"{'max_depth': 3, 'max_features': 'sqrt', 'min_samples_leaf': 5}",0.6927534846163204,-3.4541435272131538,4.968095007216314,6.647785331229726
2008-09-01,8.930734413149787,7.363247862711648,1.5674865504381392,"{'max_depth': 3, 'max_features': 'sqrt', 'min_samples_leaf': 5}",0.6923529634607256,-3.7852280832102645,4.971062160438315,6.621346337091327
2008-10-01,14.36643993452572,7.9542069203402095,6.412233014185511,"{'max_depth': 3, 'max_features': 'sqrt', 'min_samples_leaf': 5}",0.6918019646998227,-4.146848973180601,4.9743501315706045,6.609618331986627
2008-11-01,17.238231858148325,8.064605472567617,9.173626385580707,"{'max_depth': 3, 'max_features': 'sqrt', 'min_samples_leaf': 5}",0.6909040390177249,-4.457688342685003,4.979434975558732,6.623478505332375
2008-12-01,17.633152483945402,7.285128069221595,10.348024414723806,"{'max_depth': 3, 'max_features': 'sqrt', 'min_samples_leaf': 5}",0.6897993454852581,-4.661358822554179,4.987041521486774,6.671548485632086
2009-01-01,18.115277200119017,7.212763676903974,10.902513523215044,"{'max_depth': 3, 'max_features': 'sqrt', 'min_samples_leaf': 5}",0.6892066852781691,-4.785439901439786,4.990436053533818,6.7206198154355645
2009-02-01,19.71574135172999,7.4907308197737645,12.225010531956224,"{'max_depth': 3, 'max_features': 'sqrt', 'min_samples_leaf': 5}",0.6887875906835543,-4.938177828692193,4.9923527862574435,6.753767362752632
2009-03-01,21.732841619411413,7.372275815354149,14.360565804057265,"{'max_depth': 3, 'max_features': 'sqrt', 'min_samples_leaf': 5}",0.6880346798311222,-4.829888037389378,4.996718347342967,6.8172951265343285
2009-04-01,19.030832666098014,7.49215968260454,11.538672983493473,"{'max_depth': 3, 'max_features': 0.5, 'min_samples_leaf': 5}",0.6875128602427439,-4.434798616208043,4.999882380710476,6.858106246301473
2009-05-01,17.883163523496236,6.933918393552435,10.949245129943801,"{'max_depth': 3, 'max_features': 'sqrt', 'min_samples_leaf': 5}",0.6869798130355782,-4.180855076849517,5.002552051522734,6.895574960628429
2009-06-01,17.98436269675233,6.881589625014778,11.102773071737554,"{'max_depth': 3, 'max_features': 'sqrt', 'min_samples_leaf': 5}",0.6860236629215388,-4.003758645165137,5.008253921403098,6.928919113122382
2009-07-01,18.033491749188123,7.25898592411027,10.774505825077853,"{'max_depth': 3, 'max_features': 'sqrt', 'min_samples_leaf': 5}",0.684669132551193,-3.752517933243157,5.017567503091177,6.96180985709122
2009-08-01,16.153198628083775,7.178735132830218,8.974463495253557,"{'max_depth': 3, 'max_features': 'sqrt', 'min_samples_leaf': 5}",0.6837677636108183,-3.545160788952439,5.021843552579874,6.967049478295373
2009-09-01,15.74028213467431,7.185782602130023,8.554499532544288,"{'max_depth': 3, 'max_features': 'sqrt', 'min_samples_leaf': 5}",0.6828067739308984,-3.3841821384127155,5.026998919233594,6.982157234708059
2009-10-01,14.605909253068006,7.309099170375159,7.296810082692847,"{'max_depth': 3, 'max_features': 'sqrt', 'min_samples_leaf': 5}",0.6820265533886055,-3.158497673252795,5.030971298285265,6.994284230202978
2009-11-01,15.412790691231304,7.295674150209555,8.11711654102175,"{'max_depth': 3, 'max_features': 'sqrt', 'min_samples_leaf': 5}",0.6808821416266767,-2.978361443274481,5.038272098005665,7.007582968116886
2009-12-01,15.071304332837276,6.874295992636867,8.197008340200409,"{'max_depth': 3, 'max_features': 'sqrt', 'min_samples_leaf': 5}",0.680350744927737,-2.8839729789578525,5.039019149160063,7.005953563210187
2010-01-01,14.537900317638677,6.898363443425503,7.6395368742131735,"{'max_depth': 3, 'max_features': 'sqrt', 'min_samples_leaf': 5}",0.6795258208139965,-2.840939471678188,5.042318926030384,6.977294944820314
2010-02-01,15.828867856075613,6.894642083584461,8.934225772491152,"{'max_depth': 3, 'max_features': 'sqrt', 'min_samples_leaf': 5}",0.6787946153303113,-2.855497412721882,5.044945126937777,6.964987942693805
2010-03-01,14.52669909710147,6.790025836116547,7.736673260984924,"{'max_depth': 3, 'max_features': 'sqrt', 'min_samples_leaf': 5}",0.6779957550034977,-2.8091161313099704,5.049513746192426,6.9451186683228965
2010-04-01,13.82276566751327,6.76459800050751,7.05816766700576,"{'max_depth': 3, 'max_features': 0.5, 'min_samples_leaf': 5}",0.6774217409588619,-2.8612273480152197,5.051618543670392,6.9293852091338275
2010-05-01,15.402335319058547,6.758651740800628,8.643683578257919,"{'max_depth': 3, 'max_features': 'sqrt', 'min_samples_leaf': 5}",0.6776545859276248,-2.94099448533495,5.047047009035629,6.913802518539846
2010-06-01,16.11372703108861,7.602811139672081,8.51091589141653,"{'max_depth': 7, 'max_features': 'sqrt', 'min_samples_leaf': 10}",0.8181229688490886,-2.923967338756042,3.7838359904105197,7.09743519186952
2010-07-01,16.1343989704654,8.922402087937815,7.211996882527586,"{'max_depth': 7, 'max_features': 0.5, 'min_samples_leaf': 10}",0.8175661214514275,-2.934188225343959,3.788326415774971,7.099285091276174
2010-08-01,15.389446057820043,7.746776060572727,7.642669997247316,"{'max_depth': 7, 'max_features': 'sqrt', 'min_samples_leaf': 10}",0.8171259878304971,-2.883303235545008,3.791511011411392,7.092132957499712
2010-09-01,13.609166197082557,6.809578744142706,6.799587452939851,"{'max_depth': 3, 'max_features': 'sqrt', 'min_samples_leaf': 5}",0.6754850503707849,-2.8239748878499067,5.057186450479415,6.859783418352042
2010-10-01,13.560011222004942,6.803661870836715,6.756349351168227,"{'max_depth': 3, 'max_features': 'sqrt', 'min_samples_leaf': 5}",0.6749962504658323,-2.5437050209875096,5.060000552278075,6.84633749352643
2010-11-01,13.665237071216962,7.07888874364069,6.586348327576272,"{'max_depth': 3, 'max_features': 'sqrt', 'min_samples_leaf': 5}",0.6749122560160965,-2.369545855374129,5.05971913378113,6.854186237392925
2010-12-01,12.617386064987135,9.201075404543642,3.416310660443493,"{'max_depth': 3, 'max_features': 'sqrt', 'min_samples_leaf': 5}",0.6743058831754946,-2.268365094503675,5.063251620585436,6.86335021396694
2011-01-01,10.414799547595289,7.717385342354623,2.6974142052406656,"{'max_depth': 3, 'max_features': 'sqrt', 'min_samples_leaf': 5}",0.6728772249060678,-2.2013243514852996,5.073159945215212,6.8678113993559995
2011-02-01,9.627055419780609,6.837871574785499,2.78918384499511,"{'max_depth': 3, 'max_features': 'sqrt', 'min_samples_leaf': 5}",0.6727387443275573,-2.0940705323818882,5.073406386487886,6.85779253647861
2011-03-01,11.226721191341792,6.7127610477245545,4.513960143617237,"{'max_depth': 3, 'max_features': 'sqrt', 'min_samples_leaf': 5}",0.6721707638142114,-1.974734581906885,5.0761019360422095,6.825032703721689
2011-04-01,11.359354044422266,6.662653476509115,4.696700567913151,"{'max_depth': 3, 'max_features': 'sqrt', 'min_samples_leaf': 5}",0.6723833638883513,-1.9485401348600289,5.0730769509682005,6.826801587402946
2011-05-01,11.146879141590116,6.693919710201075,4.452959431389041,"{'max_depth': 3, 'max_features': 'sqrt', 'min_samples_leaf': 5}",0.6716709760080736,-1.9331683706653406,5.077542243033198,6.848247768973778
2011-06-01,12.191014942323577,6.41828220623907,5.772732736084507,"{'max_depth': 3, 'max_features': 'sqrt', 'min_samples_leaf': 5}",0.6711126857086159,-1.9313323831949523,5.081139840940806,6.8358118282209
2011-07-01,12.23504502054481,6.44565962530456,5.78938539524025,"{'max_depth': 3, 'max_features': 'sqrt', 'min_samples_leaf': 5}",0.6700058763621802,-1.9869263350475346,5.088878369604864,6.852166448111082
2011-08-01,14.974633448179276,6.2175868708763895,8.757046577302887,"{'max_depth': 3, 'max_features': 'sqrt', 'min_samples_leaf': 5}",0.6694469070546731,-2.064187893556256,5.091995667133217,6.870027722055936
2011-09-01,15.048045518658514,6.1885766459268385,8.859468872731675,"{'max_depth': 3, 'max_features': 'sqrt', 'min_samples_leaf': 5}",0.6681629362503322,-2.22353031348576,5.1012693329078775,6.872589184502088
2011-10-01,14.244172936341403,6.171856067380952,8.072316868960451,"{'max_depth': 3, 'max_features': 'sqrt', 'min_samples_leaf': 5}",0.668692432254686,-2.3526920336599964,5.095051256589183,6.8829174562465925
2011-11-01,14.11780858813754,6.1469534324931026,7.970855155644438,"{'max_depth': 3, 'max_features': 0.5, 'min_samples_leaf': 5}",0.6680509296281067,-2.4377402028062063,5.098428614766042,6.917607311568146
2011-12-01,14.629897765753896,6.258851749606914,8.37104601614698,"{'max_depth': 3, 'max_features': 'sqrt', 'min_samples_leaf': 5}",0.6664520258874062,-2.4053956266214636,5.1095021220027315,6.90329600196305
2012-01-01,13.884734896105211,6.254814433176307,7.629920462928904,"{'max_depth': 3, 'max_features': 'sqrt', 'min_samples_leaf': 5}",0.666438112775255,-2.4387207340990993,5.1082812507346675,6.907165824521831
2012-02-01,13.535015579216337,6.2560773687931786,7.278938210423158,"{'max_depth': 3, 'max_features': 'sqrt', 'min_samples_leaf': 5}",0.6665519011459047,-2.4873813807298863,5.106350102631459,6.905056520120238
2012-03-01,13.298110120173078,6.149233760298715,7.148876359874363,"{'max_depth': 3, 'max_features': 'sqrt', 'min_samples_leaf': 5}",0.6662239024494782,-2.602577792325348,5.108792839135931,6.886343522971847
2012-04-01,13.262160740974382,6.161726834484716,7.100433906489666,"{'max_depth': 3, 'max_features': 'sqrt', 'min_samples_leaf': 5}",0.6659859811628035,-2.777787449831897,5.10974035498499,6.878949660263215
2012-05-01,14.332009641800592,6.161625773128964,8.170383868671628,"{'max_depth': 3, 'max_features': 'sqrt', 'min_samples_leaf': 5}",0.6653603025893642,-3.0406598013786885,5.11435942531852,6.865147731964343
2012-06-01,14.975677153518586,6.158755561925026,8.816921591593559,"{'max_depth': 3, 'max_features': 'sqrt', 'min_samples_leaf': 5}",0.6647182844106787,-3.416052520160681,5.119124432159752,6.846941934512742
2012-07-01,14.52805916715838,6.169687812114539,8.358371355043841,"{'max_depth': 3, 'max_features': 'sqrt', 'min_samples_leaf': 5}",0.6648101923356329,-3.743627491617424,5.118434573651315,6.806691617814633
2012-08-01,13.82208956187977,6.149941545221252,7.672148016658517,"{'max_depth': 3, 'max_features': 'sqrt', 'min_samples_leaf': 5}",0.6637034207062087,-4.0934125304723885,5.127164024019132,6.763523929601953
2012-09-01,13.502853805075675,6.113239083290069,7.389614721785606,"{'max_depth': 3, 'max_features': 'sqrt', 'min_samples_leaf': 5}",0.6641431224393349,-4.571812659260739,5.1235269024445955,6.740471074641085
2012-10-01,14.144355151660836,6.122849525136657,8.021505626524178,"{'max_depth': 3, 'max_features': 'sqrt', 'min_samples_leaf': 5}",0.663551139637541,-4.960892536876252,5.127319060085692,6.723192843935402
2012-11-01,15.127301501448509,6.585394830433375,8.541906671015134,"{'max_depth': 3, 'max_features': 'sqrt', 'min_samples_leaf': 5}",0.6625315634660307,-5.179941356389729,5.133053814589865,6.726405436653329
2012-12-01,15.261959591575248,6.551693533959378,8.71026605761587,"{'max_depth': 3, 'max_features': 'sqrt', 'min_samples_leaf': 5}",0.6615166834342305,-5.279594266668858,5.1397179832376825,6.7454139984394335
2013-01-01,15.36194977694476,6.2902672912898865,9.071682485654874,"{'max_depth': 3, 'max_features': 'sqrt', 'min_samples_leaf': 5}",0.6612222435624726,-5.318739401243606,5.140581441221403,6.76456042656433
2013-02-01,14.161697910023497,6.792423429687518,7.369274480335979,"{'max_depth': 3, 'max_features': 'sqrt', 'min_samples_leaf': 5}",0.6612688356509876,-5.395736295792584,5.1390179066772665,6.774352659996069
2013-03-01,13.547854669365876,6.2814864546187446,7.266368214747131,"{'max_depth': 3, 'max_features': 'sqrt', 'min_samples_leaf': 5}",0.6610358438379338,-5.243864768085812,5.139121053113074,6.793154160301637
2013-04-01,12.807443633165448,6.285039395505732,6.522404237659716,"{'max_depth': 3, 'max_features': 'sqrt', 'min_samples_leaf': 5}",0.6608544199409719,-4.893838523140869,5.139686684363592,6.8034927613683935
2013-05-01,12.21039456005736,6.285225746896895,5.9251688131604645,"{'max_depth': 3, 'max_features': 'sqrt', 'min_samples_leaf': 5}",0.6604676615719617,-4.5730047246886585,5.141633030002481,6.797890216813076
2013-06-01,12.90066108002682,5.986793151278106,6.913867928748714,"{'max_depth': 3, 'max_features': 'sqrt', 'min_samples_leaf': 5}",0.6597178639898577,-4.277975097740874,5.1457922660898,6.811334753853034
2013-07-01,12.505129306732432,6.073250759477185,6.431878547255247,"{'max_depth': 3, 'max_features': 'sqrt', 'min_samples_leaf': 10}",0.6505478948504229,-3.8769666446949413,5.214957301483076,6.801807347495391
2013-08-01,12.959285709424684,6.18811663072313,6.771169078701554,"{'max_depth': 3, 'max_features': 'sqrt', 'min_samples_leaf': 10}",0.6497480516590555,-3.4608343230463703,5.219373996914675,6.773688385732358
2013-09-01,13.0370440714206,6.228317909439098,6.808726161981503,"{'max_depth': 3, 'max_features': 0.5, 'min_samples_leaf': 10}",0.6495112171230376,-3.136686249363854,5.219613767261063,6.748856401424684
2013-10-01,11.649117324233526,6.16198755562132,5.487129768612205,"{'max_depth': 3, 'max_features': 'sqrt', 'min_samples_leaf': 10}",0.6487769405490589,-2.760951338715139,5.223031614382523,6.736885016806356
2013-11-01,10.322742832638076,6.243140869642243,4.079601962995833,"{'max_depth': 3, 'max_features': 'sqrt', 'min_samples_leaf': 10}",0.6483970291049221,-2.4664388243585162,5.223901507623886,6.762948193475347
2013-12-01,8.721103091233429,6.421461743130286,2.299641348103143,"{'max_depth': 3, 'max_features': 'sqrt', 'min_samples_leaf': 10}",0.6480317984995537,-2.300688862524203,5.223808678663468,6.777583498504703
2014-01-01,8.84603131775049,6.365952983482997,2.4800783342674935,"{'max_depth': 3, 'max_features': 'sqrt', 'min_samples_leaf': 10}",0.6469229907324046,-2.2252005780264144,5.229450728637387,6.772245541931842
2014-02-01,10.06808208825476,6.241851949193267,3.8262301390614937,"{'max_depth': 3, 'max_features': 0.5, 'min_samples_leaf': 10}",0.646328499005938,-2.2347978841082785,5.231787261456581,6.811335834828147
2014-03-01,9.86668745341146,6.2737537079777095,3.5929337454337507,"{'max_depth': 3, 'max_features': 'sqrt', 'min_samples_leaf': 5}",0.6533296768027045,-2.197212522458689,5.176464058337747,6.859246979387426
2014-04-01,10.576879724700971,6.322212766188342,4.2546669585126295,"{'max_depth': 3, 'max_features': 'sqrt', 'min_samples_leaf': 10}",0.645268900771773,-2.2365955552745156,5.235981373645041,6.8990997806904115
2014-05-01,9.867010113388432,6.178364789117966,3.6886453242704658,"{'max_depth': 3, 'max_features': 'sqrt', 'min_samples_leaf': 10}",0.6450474204075031,-2.338349628737398,5.235156270637804,6.934790961079502
2014-06-01,9.452649364260555,6.352700189916495,3.0999491743440597,"{'max_depth': 7, 'max_features': 'sqrt', 'min_samples_leaf': 10}",0.802253606060524,-2.348439529589815,3.8980781344521023,7.18447598235305
2014-07-01,9.90610604599286,6.089998033393233,3.816108012599628,"{'max_depth': 5, 'max_features': 'sqrt', 'min_samples_leaf': 5}",0.7868265093337566,-2.3144008412070582,4.034187073975472,7.122064087449748
2014-08-01,9.270482380651046,6.077076593348096,3.19340578730295,"{'max_depth': 5, 'max_features': 'sqrt', 'min_samples_leaf': 5}",0.7861260346598338,-2.175806993808388,4.040800213432134,7.1218078401823925
2014-09-01,9.51217838297167,6.268200747295521,3.24397763567615,"{'max_depth': 3, 'max_features': 'sqrt', 'min_samples_leaf': 5}",0.6514835251582191,-2.0611526624688272,5.180334768324363,6.989651273032217
2014-10-01,10.060539913245549,6.279144760331526,3.7813951529140226,"{'max_depth': 3, 'max_features': 'sqrt', 'min_samples_leaf': 5}",0.6513325540084555,-1.8501254728393577,5.180606476138619,6.980919179593327
2014-11-01,9.76258385096932,6.216931610204808,3.545652240764511,"{'max_depth': 3, 'max_features': 'sqrt', 'min_samples_leaf': 5}",0.6512973801961379,-1.7558074368687486,5.179609357964624,6.976316809219612
2014-12-01,10.119831999136652,6.511543385692182,3.6082886134444703,"{'max_depth': 3, 'max_features': 'sqrt', 'min_samples_leaf': 5}",0.6507853449796297,-1.7212744089340923,5.181823665202214,6.988255822325793
2015-01-01,11.042754065510753,6.654806405061098,4.387947660449655,"{'max_depth': 3, 'max_features': 'sqrt', 'min_samples_leaf': 5}",0.6495483527671045,-1.7483291051306336,5.18929201798553,7.018864999564294
2015-02-01,10.436751665632247,6.61733339643527,3.8194182691969774,"{'max_depth': 3, 'max_features': 'sqrt', 'min_samples_leaf': 5}",0.6494176702173015,-1.7510889760138055,5.1884430481480015,7.019154717796965
2015-03-01,5.912021176259364,6.636634078890572,0.7246129026312085,"{'max_depth': 3, 'max_features': 'sqrt', 'min_samples_leaf': 5}",0.6486598101072675,-1.7283819469829216,5.192427909169962,6.997171538711967
2015-04-01,6.631223354703097,6.65640876770591,0.02518541300281285,"{'max_depth': 3, 'max_features': 'sqrt', 'min_samples_leaf': 5}",0.648916078468859,-1.7692542421834463,5.18858391604887,6.9831474388420265
2015-05-01,7.64856677918978,6.556793753959379,1.0917730252304008,"{'max_depth': 3, 'max_features': 0.5, 'min_samples_leaf': 5}",0.6481061734576333,-1.7607325561561287,5.1933085277855815,6.967272679479568
2015-06-01,9.098016398053364,6.63699456070051,2.4610218373528543,"{'max_depth': 3, 'max_features': 'sqrt', 'min_samples_leaf': 5}",0.6479544716373734,-1.771664985149462,5.193218065732923,6.924546591899534
2015-07-01,9.848165327276314,6.650524006769261,3.1976413205070537,"{'max_depth': 3, 'max_features': 'sqrt', 'min_samples_leaf': 5}",0.6469335571672357,-1.8631072989820827,5.199952533001359,6.945352931606034
2015-08-01,11.637649397166316,6.961359442832629,4.676289954333686,"{'max_depth': 3, 'max_features': 'sqrt', 'min_samples_leaf': 5}",0.6460090525652186,-1.9621154081946497,5.206165051467868,6.951811810841464
2015-09-01,12.515359721667709,6.9699276396670875,5.545432082000621,"{'max_depth': 3, 'max_features': 'sqrt', 'min_samples_leaf': 5}",0.6449068779487499,-2.151638205685685,5.213217912183279,6.970938487701454
2015-10-01,11.949983605492942,6.7485844758330025,5.20139912965994,"{'max_depth': 3, 'max_features': 'sqrt', 'min_samples_leaf': 5}",0.6451965904398557,-2.2900926508934654,5.209262738502803,6.9731546117573595
2015-11-01,12.16387302599554,6.39292378563054,5.770949240365001,"{'max_depth': 3, 'max_features': 'sqrt', 'min_samples_leaf': 5}",0.6445544538741602,-2.38415385129884,5.211956119795262,7.022171958374194
2015-12-01,13.33465444205424,6.463798135252814,6.870856306801427,"{'max_depth': 3, 'max_features': 'sqrt', 'min_samples_leaf': 5}",0.6434502196058892,-2.357044543780689,5.218203073620038,7.013423861117929
2016-01-01,15.46112494680113,6.5017097303555484,8.959415216445581,"{'max_depth': 3, 'max_features': 'sqrt', 'min_samples_leaf': 5}",0.6432658512777646,-2.394558769452037,5.218124265213028,7.012249604046154
2016-02-01,16.14209261462737,6.54532205845635,9.59677055617102,"{'max_depth': 3, 'max_features': 0.5, 'min_samples_leaf': 5}",0.6434684527705032,-2.4477548925123362,5.215180771265393,7.00989575912985
2016-03-01,14.912024797383571,6.544947882742593,8.367076914640979,"{'max_depth': 3, 'max_features': 0.5, 'min_samples_leaf': 5}",0.6431795908349838,-2.568231931966993,5.217024049204075,6.994842726894125
2016-04-01,15.600884357303846,6.5534881826731235,9.047396174630723,"{'max_depth': 3, 'max_features': 'sqrt', 'min_samples_leaf': 5}",0.6426104492859989,-2.7452498370243217,5.220934407460524,6.983555870583686
2016-05-01,15.833645136679886,6.5604596440980485,9.273185492581838,"{'max_depth': 3, 'max_features': 'sqrt', 'min_samples_leaf': 5}",0.6417252608585119,-3.01190314834892,5.227388897361199,6.96852425576675
2016-06-01,15.986605242243678,6.5118614057725495,9.474743836471129,"{'max_depth': 3, 'max_features': 'sqrt', 'min_samples_leaf': 5}",0.6411274365401868,-3.3966645461130587,5.2314998005867235,6.9524372271762775
2016-07-01,15.91920433220736,6.287815540940469,9.631388791266893,"{'max_depth': 3, 'max_features': 'sqrt', 'min_samples_leaf': 5}",0.641211713670175,-3.737845797433573,5.230818442705745,6.919456780578398
2016-08-01,16.14162183380917,6.62525864902053,9.516363184788641,"{'max_depth': 3, 'max_features': 'sqrt', 'min_samples_leaf': 5}",0.6401045687205792,-4.1026590821586195,5.239625253396454,6.882812608952931
2016-09-01,16.226036886293706,6.704330673718747,9.521706212574959,"{'max_depth': 3, 'max_features': 0.5, 'min_samples_leaf': 5}",0.640548998492436,-4.599886539274555,5.236159084902949,6.876395368634083
2016-10-01,16.42695576185682,6.777693717059566,9.649262044797254,"{'max_depth': 3, 'max_features': 0.5, 'min_samples_leaf': 5}",0.6400180097034314,-5.014634139024091,5.239529165925783,6.879927807606423
2016-11-01,17.19945908543746,6.797346137872352,10.402112947565108,"{'max_depth': 3, 'max_features': 'sqrt', 'min_samples_leaf': 5}",0.6389838188415805,-5.263824620655361,5.245615635632556,6.889157178351239
2016-12-01,16.36513339010439,6.650321074397028,9.714812315707363,"{'max_depth': 3, 'max_features': 'sqrt', 'min_samples_leaf': 5}",0.6382709410979628,-5.407516223227465,5.249686978203136,6.922320233783578
2017-01-01,15.565910953640914,6.713387552848243,8.852523400792672,"{'max_depth': 3, 'max_features': 'sqrt', 'min_samples_leaf': 5}",0.6379126820593937,-5.503479105023804,5.251319663240707,6.956942864213445
2017-02-01,14.315543654392725,6.646601226851888,7.668942427540837,"{'max_depth': 3, 'max_features': 'sqrt', 'min_samples_leaf': 5}",0.6380490648363176,-5.63010568922727,5.249436492358067,6.973869874808644
2017-03-01,13.697990869945809,6.472779454198877,7.225211415746932,"{'max_depth': 3, 'max_features': 'sqrt', 'min_samples_leaf': 5}",0.6378330156065862,-5.538296785837395,5.249526009688929,7.004532492736255
2017-04-01,13.761372951209948,6.660979920211823,7.1003930309981245,"{'max_depth': 3, 'max_features': 'sqrt', 'min_samples_leaf': 5}",0.6378398489168334,-5.255586259519785,5.248403638615138,7.028273555035189
2017-05-01,11.563924844070172,6.502089382469884,5.061835461600288,"{'max_depth': 3, 'max_features': 'sqrt', 'min_samples_leaf': 5}",0.6376794684269591,-5.02748779210904,5.248256180141021,7.024435085603779
2017-06-01,10.41189029019808,6.351959335211702,4.0599309549863785,"{'max_depth': 3, 'max_features': 'sqrt', 'min_samples_leaf': 10}",0.6295972230920645,-4.845399988146994,5.305161786335211,7.018958683969234
2017-07-01,10.296974397996772,6.177167222474971,4.119807175521801,"{'max_depth': 3, 'max_features': 0.5, 'min_samples_leaf': 10}",0.6287291007800336,-4.5898911612407955,5.3100044519720075,7.0119266346203535
2017-08-01,11.583316166341662,6.280020640272147,5.303295526069515,"{'max_depth': 3, 'max_features': 'sqrt', 'min_samples_leaf': 10}",0.6279688637537052,-4.311310746736807,5.314008697015459,6.993736623715088
2017-09-01,9.585658259395958,6.224507302771159,3.3611509566247983,"{'max_depth': 3, 'max_features': 'sqrt', 'min_samples_leaf': 10}",0.6277862376215754,-4.183104738768231,5.313894938373126,6.981530216160951
2017-10-01,8.309035322144476,5.9362318265303085,2.3728034956141677,"{'max_depth': 3, 'max_features': 0.5, 'min_samples_leaf': 10}",0.6269561235570544,-3.985661604886354,5.317969981235549,6.990369085322832
2017-11-01,9.027697670576371,6.062831558174215,2.964866112402156,"{'max_depth': 3, 'max_features': 'sqrt', 'min_samples_leaf': 10}",0.6265972552924417,-3.654973695577372,5.31893352110773,6.97676902195392
2017-12-01,8.384333174104041,4.179521179550089,4.204811994553952,"{'max_depth': 7, 'max_features': 'sqrt', 'min_samples_leaf': 20}",0.7420900313435302,-3.4461087036919458,4.416969355816151,7.131148420531654
2018-01-01,7.620493250801363,3.8698940394262054,3.750599211375158,"{'max_depth': 7, 'max_features': 'sqrt', 'min_samples_leaf': 20}",0.7414938806273439,-3.3640803069884275,4.420845420423194,7.137574603454541
2018-02-01,8.848430279035247,4.20199611061456,4.646434168420687,"{'max_depth': 7, 'max_features': 0.5, 'min_samples_leaf': 20}",0.7416427775750855,-3.3372508398922256,4.418439808576102,7.162241401208954
2018-03-01,8.230645540737525,3.8692891986510523,4.361356342086473,"{'max_depth': 7, 'max_features': 0.5, 'min_samples_leaf': 20}",0.7404956611539203,-3.4085278736448408,4.42734433846468,7.211651118996132
2018-04-01,9.377920352596336,3.891590945664865,5.486329406931471,"{'max_depth': 7, 'max_features': 'sqrt', 'min_samples_leaf': 20}",0.7404686509136188,-3.664149568114623,4.427182852269044,7.207410046884283
2018-05-01,9.079993847315691,4.083675605708413,4.996318241607279,"{'max_depth': 7, 'max_features': 0.5, 'min_samples_leaf': 20}",0.7400183988504984,-3.861695685579633,4.429780833360793,7.21777810549476
2018-06-01,9.610870938139003,3.7931632809277884,5.817707657211215,"{'max_depth': 7, 'max_features': 'sqrt', 'min_samples_leaf': 20}",0.7394373718874593,-3.926945797599146,4.433720173651296,7.200140005391004
2018-07-01,10.030840860430102,3.763107572838527,6.267733287591575,"{'max_depth': 7, 'max_features': 'sqrt', 'min_samples_leaf': 20}",0.7389198572728055,-4.081757729141719,4.437581410789072,7.194905946263526
2018-08-01,9.232236896426029,3.797287920419448,5.434948976006581,"{'max_depth': 7, 'max_features': 'sqrt', 'min_samples_leaf': 20}",0.7385822006381959,-4.167393573932182,4.439715504727628,7.167474811438878
2018-09-01,8.615858836650824,3.558588779906807,5.057270056744017,"{'max_depth': 7, 'max_features': 'sqrt', 'min_samples_leaf': 20}",0.7377860343610615,-4.204379034714043,4.445625513817805,7.191291080894694
2018-10-01,8.743761976995367,3.67090104524815,5.0728609317472175,"{'max_depth': 7, 'max_features': 0.5, 'min_samples_leaf': 20}",0.7373695276448361,-4.157939030845043,4.448006227308864,7.178569489546727
2018-11-01,10.10473912640456,4.1927228177671605,5.9120163086374,"{'max_depth': 7, 'max_features': 'sqrt', 'min_samples_leaf': 20}",0.737757883669404,-4.064485885394463,4.443373634526851,7.17141652776057
2018-12-01,12.401245124257231,3.4039212540223023,8.99732387023493,"{'max_depth': 7, 'max_features': 'sqrt', 'min_samples_leaf': 20}",0.7370775081196541,-3.940446589970571,4.448171713604858,7.191170256546669
2019-01-01,12.595073931339927,2.621103282429732,9.973970648910196,"{'max_depth': 7, 'max_features': 0.5, 'min_samples_leaf': 20}",0.7369002265106026,-3.5551878881484336,4.448007027479554,7.160985555780293
2019-02-01,12.20128784743676,3.2086164464218716,8.992671401014888,"{'max_depth': 7, 'max_features': 'sqrt', 'min_samples_leaf': 20}",0.7371379552271936,-3.330530801044302,4.44404680834623,7.141544056285847
2019-03-01,12.43860728683994,3.4888436609541196,8.94976362588582,"{'max_depth': 7, 'max_features': 'sqrt', 'min_samples_leaf': 20}",0.7376104992603677,-3.2840588464498346,4.438270073108675,7.130220405463925
2019-04-01,11.366060505917208,2.648693511712052,8.717366994205156,"{'max_depth': 7, 'max_features': 0.5, 'min_samples_leaf': 20}",0.7362886336842566,-3.2218720150718023,4.447918072770919,7.102243781725016
2019-05-01,12.20618611351856,2.270682390329158,9.935503723189402,"{'max_depth': 7, 'max_features': 'sqrt', 'min_samples_leaf': 20}",0.7358376287770912,-3.1863362850788293,4.450272973422286,7.1187897312316455
2019-06-01,12.623078359147156,3.0542278551690116,9.568850503978144,"{'max_depth': 7, 'max_features': 'sqrt', 'min_samples_leaf': 20}",0.735952458011741,-3.1253778732102213,4.447859409542238,7.091650878093838
2019-07-01,12.26326088397638,3.1295504998741017,9.13371038410228,"{'max_depth': 7, 'max_features': 'sqrt', 'min_samples_leaf': 20}",0.7349035764287676,-3.147554236567431,4.45562984616433,7.074829346776654
2019-08-01,12.686898080065,2.960235113062164,9.726662967002834,"{'max_depth': 3, 'max_features': 'sqrt', 'min_samples_leaf': 5}",0.6240484509906474,-3.229781346289415,5.305967339986565,7.123295013235003
2019-09-01,12.563558371103088,2.9125639887720833,9.650994382331005,"{'max_depth': 3, 'max_features': 'sqrt', 'min_samples_leaf': 5}",0.6231192417994785,-3.1987753715324723,5.311411699748581,7.144942984346069
2019-10-01,13.20641616720426,2.881345492511719,10.32507067469254,"{'max_depth': 3, 'max_features': 0.5, 'min_samples_leaf': 5}",0.6233387563415889,-3.109457477065952,5.308442080134946,7.140486907462978
2019-11-01,12.731963726510198,3.2749737050692276,9.456990021440971,"{'max_depth': 3, 'max_features': 'sqrt', 'min_samples_leaf': 5}",0.6226531173085836,-3.1254778217608425,5.311656240974284,7.18635220454914
2019-12-01,12.466434965596372,2.9739550233417216,9.49247994225465,"{'max_depth': 3, 'max_features': 'sqrt', 'min_samples_leaf': 5}",0.6215345139542875,-3.0731994591032583,5.318199117752678,7.178752438669327
2020-01-01,11.594299105377605,3.027091927348423,8.567207178029182,"{'max_depth': 3, 'max_features': 0.5, 'min_samples_leaf': 5}",0.6213833305204987,-3.1064936781027828,5.318012884034863,7.181670952246954
2020-02-01,11.76157743975038,2.9760748487136652,8.785502591036714,"{'max_depth': 3, 'max_features': 0.5, 'min_samples_leaf': 5}",0.6215987503114866,-3.200973743903563,5.315179851531666,7.184786968664359
2020-03-01,15.062152217923009,3.3827489694450223,11.679403248477985,"{'max_depth': 3, 'max_features': 'sqrt', 'min_samples_leaf': 5}",0.6212615743515322,-3.39338653680207,5.317339978316251,7.17663563447817
2020-04-01,12.76935471834647,3.9828199548271925,8.786534763519278,"{'max_depth': 3, 'max_features': 0.5, 'min_samples_leaf': 5}",0.6206104029583385,-3.360082431683326,5.321990029250356,7.159501177287319
2020-05-01,13.20038330188914,3.6569497986944244,9.543433503194716,"{'max_depth': 3, 'max_features': 'sqrt', 'min_samples_leaf': 5}",0.6196750225530037,-3.5214793334622256,5.329058769986816,7.143845673922924
2020-06-01,12.585945053101224,4.070863365900384,8.51508168720084,"{'max_depth': 3, 'max_features': 'sqrt', 'min_samples_leaf': 5}",0.6190319384689128,-3.8469978571195127,5.333643462329604,7.12437403257191
