Date,Actual,Predicted,RMSE,Best Parameters,Features,CV_Train_R2,CV_Valid_R2,CV_Train_RMSE,CV_Valid_RMSE
2000-01-01,-4.753848389764603,-0.7326691511068066,4.021179238657797,"{'rfecv__estimator__alpha': 100, 'rfecv__min_features_to_select': 2}","['ECY7', 'term_spread']",0.6090651288758823,-4.331130137973107,5.8522954784600305,6.995707904835942
2000-02-01,-3.899389098700856,-1.2442797090574231,2.655109389643433,"{'rfecv__estimator__alpha': 100, 'rfecv__min_features_to_select': 2}","['ECY7', 'term_spread']",0.6091907487735764,-4.288013602761762,5.84939464914939,7.0321076712160915
2000-03-01,-4.637389701845462,-2.6448100169905207,1.9925796848549417,"{'rfecv__estimator__alpha': 100, 'rfecv__min_features_to_select': 2}","['ECY7', 'term_spread']",0.609317992533364,-4.324512530504373,5.846074669786469,7.083371491372994
2000-04-01,-5.313298953979617,-2.6232299870475186,2.690068966932098,"{'rfecv__estimator__alpha': 100, 'rfecv__min_features_to_select': 2}","['ECY7', 'term_spread']",0.609419420050772,-4.390458520283812,5.843055862421909,7.142209280381674
2000-05-01,-4.463974324855757,-3.1047499806890766,1.3592243441666803,"{'rfecv__estimator__alpha': 100, 'rfecv__min_features_to_select': 2}","['ECY7', 'term_spread']",0.6091770210309927,-4.528685776698846,5.841970150129861,7.214579673394549
2000-06-01,-4.61666773197873,-0.6274476586276467,3.989220073351083,"{'rfecv__estimator__alpha': 100, 'rfecv__min_features_to_select': 2}","['ECY7', 'term_spread']",0.6087771531786897,-4.70394965666644,5.841690507136545,7.294696724734329
2000-07-01,-4.3861572376974305,-2.8718120412852732,1.5143451964121573,"{'rfecv__estimator__alpha': 100, 'rfecv__min_features_to_select': 2}","['ECY7', 'term_spread']",0.6087197280000314,-4.9035601467528735,5.839345382312416,7.356207862299884
2000-08-01,-4.4608834365842505,-3.715633488631436,0.7452499479528143,"{'rfecv__estimator__alpha': 100, 'rfecv__min_features_to_select': 2}","['ECY7', 'term_spread']",0.6084025967417903,-5.222719992475106,5.839042942899653,7.406559751351425
2000-09-01,-4.150682092934476,-3.91875284197209,0.23192925096238604,"{'rfecv__estimator__alpha': 100, 'rfecv__min_features_to_select': 2}","['ECY7', 'term_spread']",0.608362408729371,-5.667825375942485,5.837164537539494,7.459805666966361
2000-10-01,-3.5769610381637063,-5.1715882520338665,1.5946272138701603,"{'rfecv__estimator__alpha': 100, 'rfecv__min_features_to_select': 2}","['ECY7', 'term_spread']",0.608075228384779,-6.156223364384287,5.836378861997624,7.501466982755616
2000-11-01,-2.643489412631539,-3.6922314299066734,1.0487420172751345,"{'rfecv__estimator__alpha': 100, 'rfecv__min_features_to_select': 2}","['ECY7', 'term_spread']",0.6074578888665594,-6.520628804751614,5.837386615101539,7.539464370380405
2000-12-01,-1.5364346099889017,-3.745520127396789,2.209085517407887,"{'rfecv__estimator__alpha': 100, 'rfecv__min_features_to_select': 2}","['ECY7', 'term_spread']",0.6071946582650327,-6.721899594157378,5.835100776031561,7.581687578827159
2001-01-01,-1.3012255557292465,-4.817389360131723,3.516163804402477,"{'rfecv__estimator__alpha': 100, 'rfecv__min_features_to_select': 2}","['ECY7', 'term_spread']",0.6068510508504676,-6.87169001970856,5.833645646176601,7.616729077249007
2001-02-01,-0.8712027019639579,-0.33284075530788026,0.5383619466560776,"{'rfecv__estimator__alpha': 100, 'rfecv__min_features_to_select': 2}","['ECY7', 'term_spread']",0.6064225502917475,-7.115356049074257,5.832787216496477,7.656984272121782
2001-03-01,1.333316783522076,-1.2052488466297842,2.53856563015186,"{'rfecv__estimator__alpha': 100, 'rfecv__min_features_to_select': 2}","['ECY7', 'term_spread']",0.6059682668310982,-6.99767841048057,5.832157134409082,7.697257661447202
2001-04-01,1.4085321442264709,-0.07238267269524812,1.480914816921719,"{'rfecv__estimator__alpha': 100, 'rfecv__min_features_to_select': 2}","['ECY7', 'term_spread']",0.6053459118642627,-6.616221594526801,5.8331698114501815,7.725185159983296
2001-05-01,-0.1028796335487136,1.8827087333234314,1.985588366872145,"{'rfecv__estimator__alpha': 100, 'rfecv__min_features_to_select': 2}","['ECY7', 'term_spread']",0.6047025342921889,-6.399427931936863,5.834468877307346,7.748494814649168
2001-06-01,-0.1908844815682431,2.949853565790532,3.140738047358775,"{'rfecv__estimator__alpha': 100, 'rfecv__min_features_to_select': 2}","['ECY7', 'term_spread']",0.6040225062299834,-6.147082817189768,5.836006822883546,7.774907426788043
2001-07-01,0.4691443285812724,2.446921342791958,1.9777770142106856,"{'rfecv__estimator__alpha': 100, 'rfecv__min_features_to_select': 2}","['ECY7', 'term_spread']",0.6035554141989161,-5.856755059153197,5.835780696010041,7.7981173466143305
2001-08-01,1.3160919112118807,1.9686765564313244,0.6525846452194437,"{'rfecv__estimator__alpha': 100, 'rfecv__min_features_to_select': 2}","['ECY7', 'term_spread']",0.6031720908683605,-5.669372205275836,5.834852873607672,7.814848501757352
2001-09-01,4.24660639667056,3.058993469018692,1.1876129276518683,"{'rfecv__estimator__alpha': 100, 'rfecv__min_features_to_select': 2}","['ECY7', 'term_spread']",0.6029819092807621,-5.4909468595083535,5.832313470473094,7.836149183085067
2001-10-01,4.2977465442795015,4.278993991141136,0.018752553138365435,"{'rfecv__estimator__alpha': 100, 'rfecv__min_features_to_select': 2}","['ECY7', 'term_spread']",0.6027687784205684,-5.256139688401551,5.830007372139645,7.857100116086087
2001-11-01,3.637221780703837,5.416850174960166,1.7796283942563287,"{'rfecv__estimator__alpha': 100, 'rfecv__min_features_to_select': 2}","['ECY7', 'term_spread']",0.602508721915659,-5.033477407449787,5.8280269680246315,7.851435658546214
2001-12-01,3.72234096502736,6.281745295248944,2.5594043302215845,"{'rfecv__estimator__alpha': 100, 'rfecv__min_features_to_select': 2}","['ECY7', 'term_spread']",0.6021028775687977,-4.917932834729873,5.826884206542151,7.873493317665721
2002-01-01,3.866912025114022,6.5200873017765755,2.6531752766625534,"{'rfecv__estimator__alpha': 100, 'rfecv__min_features_to_select': 2}","['ECY7', 'term_spread']",0.6039672536624054,-5.193844708992573,5.807271286619236,7.997568875181137
2002-02-01,4.855424410017328,6.803345532190807,1.9479211221734793,"{'rfecv__estimator__alpha': 100, 'rfecv__min_features_to_select': 2}","['ECY7', 'term_spread']",0.6033509647797581,-5.186921596925982,5.808264423177524,8.016468191811075
2002-03-01,3.2717374045724723,7.020439852126047,3.7487024475535744,"{'rfecv__estimator__alpha': 100, 'rfecv__min_features_to_select': 2}","['ECY7', 'term_spread']",0.6024531497702651,-5.120784534429568,5.811863808064751,8.026364468400173
2002-04-01,4.805562824967591,6.635433106252793,1.829870281285202,"{'rfecv__estimator__alpha': 100, 'rfecv__min_features_to_select': 2}","['ECY7', 'term_spread']",0.6016520466956369,-5.211240165407856,5.814648157755725,8.04398282731442
2002-05-01,6.048133338706208,6.9462879741726145,0.8981546354664065,"{'rfecv__estimator__alpha': 100, 'rfecv__min_features_to_select': 2}","['ECY7', 'term_spread']",0.598995470819322,-5.004847631402541,5.832756052969669,7.980196539215031
2002-06-01,7.3645404213523395,7.193416924266581,0.1711234970857589,"{'rfecv__estimator__alpha': 100, 'rfecv__min_features_to_select': 2}","['ECY7', 'term_spread']",0.5984109675261954,-5.050825683241213,5.834290084582678,8.003868674518989
2002-07-01,9.90861241127674,6.894059380593188,3.014553030683553,"{'rfecv__estimator__alpha': 100, 'rfecv__min_features_to_select': 2}","['ECY7', 'term_spread']",0.5977468648332156,-5.248856696962671,5.836585924655004,8.012217856928883
2002-08-01,8.678944453513292,6.689406057188336,1.9895383963249564,"{'rfecv__estimator__alpha': 100, 'rfecv__min_features_to_select': 2}","['ECY7', 'term_spread']",0.597001811305815,-5.470232036924011,5.839608292983428,8.012554296264014
2002-09-01,10.371535327109182,6.504871325231817,3.866664001877365,"{'rfecv__estimator__alpha': 100, 'rfecv__min_features_to_select': 2}","['ECY7', 'term_spread']",0.5961933780229968,-5.713009907259206,5.8432102311558225,8.008172121964368
2002-10-01,11.292813024223538,6.624860405875964,4.667952618347574,"{'rfecv__estimator__alpha': 100, 'rfecv__min_features_to_select': 2}","['ECY7', 'term_spread']",0.5955191317353031,-5.637374661206325,5.846131953657223,8.001417647997053
2002-11-01,8.74352311988158,6.89900276209902,1.8445203577825602,"{'rfecv__estimator__alpha': 100, 'rfecv__min_features_to_select': 2}","['ECY7', 'term_spread']",0.5949083396401778,-5.656980760185266,5.848496231849928,8.003536080657467
2002-12-01,9.20346656933756,7.146991741941276,2.0564748273962845,"{'rfecv__estimator__alpha': 100, 'rfecv__min_features_to_select': 2}","['ECY7', 'term_spread']",0.5945962693035393,-5.7050104416994385,5.849180166723587,8.004744982508925
2003-01-01,7.740998132093391,7.44778860410981,0.29320952798358046,"{'rfecv__estimator__alpha': 100, 'rfecv__min_features_to_select': 2}","['ECY7', 'term_spread']",0.594043473895789,-5.79931742187995,5.8519992438480966,7.9980504548460205
2003-02-01,8.835078729217095,7.977616788974359,0.8574619402427359,"{'rfecv__estimator__alpha': 100, 'rfecv__min_features_to_select': 2}","['ECY7', 'term_spread']",0.593724231708454,-5.707118336570853,5.853248995247924,7.999194333502763
2003-03-01,7.958164938429291,7.594795219352453,0.3633697190768377,"{'rfecv__estimator__alpha': 100, 'rfecv__min_features_to_select': 2}","['ECY7', 'term_spread']",0.5932110741655386,-5.520753590610332,5.8558413309832815,8.000327933389238
2003-04-01,7.715219124339267,7.400081553937621,0.3151375704016459,"{'rfecv__estimator__alpha': 100, 'rfecv__min_features_to_select': 2}","['ECY7', 'term_spread']",0.592505267271596,-5.4138609561700894,5.859474880101366,8.004812070318012
2003-05-01,7.115717640698338,6.932955819817364,0.18276182088097404,"{'rfecv__estimator__alpha': 100, 'rfecv__min_features_to_select': 2}","['ECY7', 'term_spread']",0.5921984337213976,-5.286932271257968,5.860190762925586,8.009512637296854
2003-06-01,5.002862257818341,6.138622685475853,1.1357604276575115,"{'rfecv__estimator__alpha': 100, 'rfecv__min_features_to_select': 2}","['ECY7', 'term_spread']",0.5917489538228204,-5.342126089832789,5.862366920030266,8.014645541725352
2003-07-01,3.559123301672751,7.611791158753553,4.052667857080802,"{'rfecv__estimator__alpha': 100, 'rfecv__min_features_to_select': 2}","['ECY7', 'term_spread']",0.5909679652871141,-5.431033683089683,5.866512486589087,8.010597430103516
2003-08-01,4.018723717012273,8.1505568757385,4.131833158726227,"{'rfecv__estimator__alpha': 100, 'rfecv__min_features_to_select': 2}","['ECY7', 'term_spread']",0.590565465673544,-5.295297780476149,5.868382640288026,8.005418299441176
2003-09-01,2.3459378686069843,7.578338901545786,5.232401032938801,"{'rfecv__estimator__alpha': 100, 'rfecv__min_features_to_select': 2}","['ECY7', 'term_spread']",0.5899928665735342,-5.060580525107939,5.871222153158556,8.008241844058082
2003-10-01,-2.5526263764480417,7.712551211058351,10.265177587506393,"{'rfecv__estimator__alpha': 100, 'rfecv__min_features_to_select': 2}","['ECY7', 'term_spread']",0.5898169514163563,-4.816547138274745,5.871443062049008,8.025710211918549
2003-11-01,-4.525700274419198,7.625003911684102,12.150704186103301,"{'rfecv__estimator__alpha': 100, 'rfecv__min_features_to_select': 2}","['ECY7', 'term_spread']",0.5898727988119815,-4.661014435437067,5.869855922685856,8.039462185739087
2003-12-01,-5.162482690619008,7.183408022598673,12.345890713217681,"{'rfecv__estimator__alpha': 100, 'rfecv__min_features_to_select': 2}","['ECY7', 'term_spread']",0.5899107074409479,-4.474792682146534,5.868331272813543,8.045261853748835
2004-01-01,-6.270303621999995,7.169978212030106,13.4402818340301,"{'rfecv__estimator__alpha': 100, 'rfecv__min_features_to_select': 2}","['ECY7', 'term_spread']",0.5900975457410066,-4.393505771532587,5.865350765590157,8.043183574886536
2004-02-01,-7.758748833974161,7.366487944089816,15.125236778063977,"{'rfecv__estimator__alpha': 100, 'rfecv__min_features_to_select': 2}","['ECY7', 'term_spread']",0.5902127074288279,-4.349016548523099,5.862693573454571,8.03476188644503
2004-03-01,-8.541443660719583,6.434763739733983,14.976207400453566,"{'rfecv__estimator__alpha': 100, 'rfecv__min_features_to_select': 2}","['ECY7', 'term_spread']",0.5902719178074458,-4.368920394049544,5.860064460044133,8.020189395692332
2004-04-01,-6.550414095291834,7.2680960853386365,13.81851018063047,"{'rfecv__estimator__alpha': 100, 'rfecv__min_features_to_select': 2}","['ECY7', 'term_spread']",0.5902642652239,-4.416677695550733,5.85798561685169,8.00260970014269
2004-05-01,-4.828883838155451,8.404118419198525,13.233002257353977,"{'rfecv__estimator__alpha': 100, 'rfecv__min_features_to_select': 2}","['ECY7', 'term_spread']",0.5898990423971984,-4.520853729150142,5.8578534564102736,7.976508292739879
2004-06-01,-4.808791315966154,7.7757420503945855,12.58453336636074,"{'rfecv__estimator__alpha': 100, 'rfecv__min_features_to_select': 2}","['ECY7', 'term_spread']",0.5894775868626504,-4.652267617126235,5.857729540433605,7.945115390852691
2004-07-01,-4.1143754114383535,7.046699238388014,11.161074649826368,"{'rfecv__estimator__alpha': 100, 'rfecv__min_features_to_select': 2}","['ECY7', 'term_spread']",0.5893902444666892,-4.824776339915428,5.855663628573153,7.921048354700316
2004-08-01,-2.307005424252906,6.573344604704392,8.880350028957299,"{'rfecv__estimator__alpha': 100, 'rfecv__min_features_to_select': 2}","['ECY7', 'term_spread']",0.5891528613780361,-5.123287251861372,5.854557837936938,7.896729260051209
2004-09-01,-2.1238921232108576,6.300875140525372,8.42476726373623,"{'rfecv__estimator__alpha': 100, 'rfecv__min_features_to_select': 2}","['ECY7', 'term_spread']",0.5890621675969501,-5.553678782738975,5.8530327057482525,7.876800920448943
2004-10-01,-1.6570872115793225,6.350294922405997,8.007382133985319,"{'rfecv__estimator__alpha': 100, 'rfecv__min_features_to_select': 2}","['ECY7', 'term_spread']",0.5887173665785487,-6.023098000885148,5.852839727749207,7.845022845695273
2004-11-01,-2.137846958843592,5.176101603581454,7.313948562425047,"{'rfecv__estimator__alpha': 100, 'rfecv__min_features_to_select': 2}","['ECY7', 'term_spread']",0.5880829798642545,-6.367818300274835,5.853860149931699,7.811648159561086
2004-12-01,-2.203858897004596,4.7861561434673465,6.990015040471942,"{'rfecv__estimator__alpha': 100, 'rfecv__min_features_to_select': 2}","['ECY7', 'term_spread']",0.5876985887707935,-6.545671566480189,5.852791287175443,7.794704262684961
2005-01-01,-1.6399092697118478,4.8329348186891465,6.472844088400994,"{'rfecv__estimator__alpha': 100, 'rfecv__min_features_to_select': 2}","['ECY7', 'term_spread']",0.5872432277194448,-6.662377061932647,5.852312320487381,7.760312298859334
2005-02-01,-2.51539609174537,4.762322381261879,7.2777184730072495,"{'rfecv__estimator__alpha': 100, 'rfecv__min_features_to_select': 2}","['ECY7', 'term_spread']",0.5868213436899806,-6.853231876471931,5.851675893960455,7.724818969917584
2005-03-01,-1.2910941196683456,3.8785526835979054,5.169646803266251,"{'rfecv__estimator__alpha': 100, 'rfecv__min_features_to_select': 2}","['ECY7', 'term_spread']",0.5862877587273859,-6.64835524885561,5.8518924036362625,7.684863450354848
2005-04-01,0.033204565530065,3.8999834279252665,3.8667788623952015,"{'rfecv__estimator__alpha': 100, 'rfecv__min_features_to_select': 2}","['ECY7', 'term_spread']",0.5856193496768548,-6.16788385949152,5.853516973701545,7.65075011060403
2005-05-01,-1.393237786083712,2.791343311041671,4.184581097125383,"{'rfecv__estimator__alpha': 100, 'rfecv__min_features_to_select': 2}","['ECY7', 'term_spread']",0.584919493107563,-5.871664460821548,5.855335968441167,7.608173062897101
2005-06-01,-2.4837625721003453,2.824796280393529,5.308558852493874,"{'rfecv__estimator__alpha': 100, 'rfecv__min_features_to_select': 2}","['ECY7', 'term_spread']",0.5842177821615883,-5.5533447705603365,5.857233867307765,7.568725106826079
2005-07-01,-2.821035062860189,2.7596171684643065,5.580652231324495,"{'rfecv__estimator__alpha': 100, 'rfecv__min_features_to_select': 2}","['ECY7', 'term_spread']",0.583765387070306,-5.199785337068481,5.857189381159533,7.532369937969835
2005-08-01,-2.657667354391169,1.269183788985889,3.926851143377058,"{'rfecv__estimator__alpha': 100, 'rfecv__min_features_to_select': 2}","['ECY7', 'term_spread']",0.5834474102215116,-4.9606432489418655,5.855892448008534,7.488284485642074
2005-09-01,-2.01145464786886,1.6644979258595347,3.6759525737283947,"{'rfecv__estimator__alpha': 100, 'rfecv__min_features_to_select': 2}","['ECY7', 'term_spread']",0.5832404906187183,-4.7118628248901615,5.85363610899445,7.446599176868105
2005-10-01,-0.5440660525052987,2.6366824852073076,3.1807485377126063,"{'rfecv__estimator__alpha': 100, 'rfecv__min_features_to_select': 2}","['ECY7', 'term_spread']",0.583039787689609,-4.42243444670345,5.851369424994102,7.426156965741378
2005-11-01,-0.7670547066042532,1.3691202833072733,2.1361749899115265,"{'rfecv__estimator__alpha': 100, 'rfecv__min_features_to_select': 2}","['ECY7', 'term_spread']",0.5828765604413727,-4.170939767572708,5.84885093509039,7.3922054035375195
2005-12-01,-0.4009117101453796,0.9071068967624756,1.3080186069078552,"{'rfecv__estimator__alpha': 100, 'rfecv__min_features_to_select': 2}","['ECY7', 'term_spread']",0.5825259896272199,-4.042095234484316,5.847612356480093,7.378970473684691
2006-01-01,0.0559665718845581,0.06331384338816282,0.007347271503604716,"{'rfecv__estimator__alpha': 100, 'rfecv__min_features_to_select': 2}","['ECY7', 'term_spread']",0.5844839059393598,-4.30931571313611,5.8275921612599415,7.462681044335983
2006-02-01,0.7478066440674169,0.542282817815833,0.20552382625158394,"{'rfecv__estimator__alpha': 100, 'rfecv__min_features_to_select': 2}","['ECY7', 'term_spread']",0.5839326296374336,-4.345737846442037,5.82832785826614,7.457351511775249
2006-03-01,0.2985157716024589,-0.12213252124522889,0.4206482928476878,"{'rfecv__estimator__alpha': 100, 'rfecv__min_features_to_select': 2}","['ECY7', 'term_spread']",0.5830360509665956,-4.297817316570364,5.832319411681958,7.443258310134142
2006-04-01,0.6514213320706119,0.5351505559529341,0.11627077611767778,"{'rfecv__estimator__alpha': 100, 'rfecv__min_features_to_select': 2}","['ECY7', 'term_spread']",0.582244767446902,-4.419816891331689,5.835276499708273,7.44069604283314
2006-05-01,1.028007509570894,-1.1280049165732366,2.1560124261441307,"{'rfecv__estimator__alpha': 100, 'rfecv__min_features_to_select': 2}","['ECY7', 'term_spread']",0.579594360000688,-4.259429900725042,5.853584706835517,7.364612720309528
2006-06-01,0.9093896299913752,-0.12464708157265036,1.0340367115640254,"{'rfecv__estimator__alpha': 100, 'rfecv__min_features_to_select': 2}","['ECY7', 'term_spread']",0.5789857395657394,-4.315940567472135,5.855728496317353,7.378196794147952
2006-07-01,1.4606283643140094,-0.1250236924861845,1.585652056800194,"{'rfecv__estimator__alpha': 100, 'rfecv__min_features_to_select': 2}","['ECY7', 'term_spread']",0.5782347053949406,-4.506333608807778,5.8590536473037265,7.3847464609616305
2006-08-01,-1.1000216745276958,-0.9618132849992405,0.13820838952845538,"{'rfecv__estimator__alpha': 100, 'rfecv__min_features_to_select': 2}","['ECY7', 'term_spread']",0.5772927900536736,-4.67367108252776,5.863819864814731,7.385833211039733
2006-09-01,-1.6621004385541482,-1.0545565144984614,0.6075439240556868,"{'rfecv__estimator__alpha': 100, 'rfecv__min_features_to_select': 2}","['ECY7', 'term_spread']",0.5763311066566564,-4.852919892731413,5.868937454802122,7.382542782115996
2006-10-01,-1.692250792545491,-1.2914800536950848,0.40077073885040626,"{'rfecv__estimator__alpha': 100, 'rfecv__min_features_to_select': 2}","['ECY7', 'term_spread']",0.5754844800794815,-4.602405977728764,5.873488472738741,7.375753250165796
2006-11-01,-1.653574127082991,-1.8050654521955734,0.15149132511258245,"{'rfecv__estimator__alpha': 100, 'rfecv__min_features_to_select': 2}","['ECY7', 'term_spread']",0.5747411953298294,-4.4483905422582515,5.877298226271401,7.374827729790485
2006-12-01,-1.68905713883718,-1.3373525836187943,0.35170455521838573,"{'rfecv__estimator__alpha': 100, 'rfecv__min_features_to_select': 2}","['ECY7', 'term_spread']",0.5743198637841382,-4.349032468135953,5.879151350730498,7.380156999293216
2007-01-01,-0.8234799202178955,-2.213131236813604,1.3896513165957085,"{'rfecv__estimator__alpha': 100, 'rfecv__min_features_to_select': 2}","['ECY7', 'term_spread']",0.5735799352021864,-4.245826063910041,5.883489757127873,7.37652892342652
2007-02-01,-0.2576303472793917,-0.6028396827008491,0.3452093354214574,"{'rfecv__estimator__alpha': 100, 'rfecv__min_features_to_select': 2}","['ECY7', 'term_spread']",0.5730897132994409,-4.054570793139399,5.886123763489692,7.379899252587294
2007-03-01,0.8880295014278006,-1.885234272397101,2.7732637738249015,"{'rfecv__estimator__alpha': 100, 'rfecv__min_features_to_select': 2}","['ECY7', 'term_spread']",0.5723670487011919,-3.864282973649506,5.890349946228652,7.364734449206972
2007-04-01,0.1541350671867558,-2.081297894443865,2.2354329616306208,"{'rfecv__estimator__alpha': 100, 'rfecv__min_features_to_select': 2}","['ECY7', 'term_spread']",0.5714440880957533,-3.748811522589427,5.895704530532903,7.348632844894013
2007-05-01,-1.041614112096001,-1.2110039513699515,0.16938983927395057,"{'rfecv__estimator__alpha': 100, 'rfecv__min_features_to_select': 2}","['ECY7', 'term_spread']",0.5708373516996207,-3.6728142494171103,5.898789706797946,7.341521183355188
2007-06-01,-1.2571063000445526,-0.5484088709778794,0.7086974290666732,"{'rfecv__estimator__alpha': 100, 'rfecv__min_features_to_select': 2}","['ECY7', 'term_spread']",0.5700622405284103,-3.667941446712162,5.902978518966497,7.334893518400776
2007-07-01,-0.7269970529172554,-0.6709041524283954,0.056092900488859954,"{'rfecv__estimator__alpha': 100, 'rfecv__min_features_to_select': 2}","['ECY7', 'term_spread']",0.56892751415043,-3.674150804973696,5.909439055217314,7.329052157428554
2007-08-01,0.8595148534937924,-1.4009190550180772,2.2604339085118696,"{'rfecv__estimator__alpha': 100, 'rfecv__min_features_to_select': 2}","['ECY7', 'term_spread']",0.5681613012564192,-3.669496563870982,5.913851471812167,7.327837198277344
2007-09-01,0.9100493478427784,1.0616938706806147,0.15164452283783636,"{'rfecv__estimator__alpha': 100, 'rfecv__min_features_to_select': 2}","['ECY7', 'term_spread']",0.5672637696533538,-3.7723460154993242,5.918697800440605,7.337817429927304
2007-10-01,0.3443532869657706,0.9713400076797161,0.6269867207139455,"{'rfecv__estimator__alpha': 100, 'rfecv__min_features_to_select': 2}","['ECY7', 'term_spread']",0.5667901334247126,-3.864715408107297,5.920633021261218,7.355999526760022
2007-11-01,0.8167139463083783,0.36653990228597966,0.4501740440223987,"{'rfecv__estimator__alpha': 100, 'rfecv__min_features_to_select': 2}","['ECY7', 'term_spread']",0.5665975766835682,-3.872840876831313,5.920467382836057,7.3867431258178256
2007-12-01,1.0521358214682586,2.16918958021364,1.1170537587453815,"{'rfecv__estimator__alpha': 100, 'rfecv__min_features_to_select': 2}","['ECY7', 'term_spread']",0.5662984084000684,-3.7757315666521407,5.9212099999374965,7.389467461575081
2008-01-01,3.320934473563919,3.7941962964095906,0.47326182284567153,"{'rfecv__estimator__alpha': 100, 'rfecv__min_features_to_select': 2}","['ECY7', 'term_spread']",0.5661959138601872,-3.811226634708755,5.920540382640253,7.394813824018163
2008-02-01,4.136793745333778,6.0452859526076965,1.9084922072739188,"{'rfecv__estimator__alpha': 100, 'rfecv__min_features_to_select': 2}","['ECY7', 'term_spread']",0.5660063842928227,-3.836577703256563,5.9203913450464025,7.391116043829316
2008-03-01,5.280008552318105,5.008734367701843,0.27127418461626185,"{'rfecv__estimator__alpha': 100, 'rfecv__min_features_to_select': 2}","['ECY7', 'term_spread']",0.565841891865256,-3.8901432215636302,5.919950598414097,7.375167592185583
2008-04-01,4.760575200906869,4.8065361881440785,0.045960987237209316,"{'rfecv__estimator__alpha': 100, 'rfecv__min_features_to_select': 2}","['ECY7', 'term_spread']",0.5655929431710559,-3.9330137442324893,5.920394111609751,7.344875818583287
2008-05-01,5.205723563421582,5.024956016192423,0.18076754722915922,"{'rfecv__estimator__alpha': 100, 'rfecv__min_features_to_select': 2}","['ECY7', 'term_spread']",0.5649458591948451,-4.030755966368199,5.923481228611642,7.3037824694804225
2008-06-01,5.919222075531671,5.907640409476729,0.011581666054942374,"{'rfecv__estimator__alpha': 100, 'rfecv__min_features_to_select': 2}","['ECY7', 'term_spread']",0.5642918506786586,-4.159540738573702,5.926041933205096,7.255854527089136
2008-07-01,7.961367438445855,6.770790163482416,1.190577274963439,"{'rfecv__estimator__alpha': 100, 'rfecv__min_features_to_select': 2}","['ECY7', 'term_spread']",0.5639404442202051,-4.323295414883277,5.926876738705728,7.212724872462694
2008-08-01,7.587613311426833,6.991717451409122,0.5958958600177109,"{'rfecv__estimator__alpha': 100, 'rfecv__min_features_to_select': 2}","['ECY7', 'term_spread']",0.5634380082597996,-4.625884494989541,5.92903335032286,7.17660188667743
2008-09-01,8.930734413149787,6.5044276444837035,2.426306768666084,"{'rfecv__estimator__alpha': 100, 'rfecv__min_features_to_select': 2}","['ECY7', 'term_spread']",0.5630194572252029,-5.070834063796966,5.930693534343226,7.1442987928058255
2008-10-01,14.36643993452572,9.70720506532151,4.6592348692042105,"{'rfecv__estimator__alpha': 100, 'rfecv__min_features_to_select': 2}","['ECY7', 'term_spread']",0.5624141199008227,-5.569422263897388,5.933258015029581,7.119759545231759
2008-11-01,17.238231858148325,11.00107788754055,6.237153970607775,"{'rfecv__estimator__alpha': 100, 'rfecv__min_features_to_select': 2}","['ECY7', 'term_spread']",0.561632472653984,-5.9487663315327,5.9360937682728245,7.139018088870478
2008-12-01,17.633152483945402,10.457663759290783,7.175488724654619,"{'rfecv__estimator__alpha': 100, 'rfecv__min_features_to_select': 2}","['ECY7', 'term_spread']",0.5608995193186944,-6.152530734470991,5.938582398619736,7.171532300074375
2009-01-01,18.115277200119017,10.668939196580194,7.446338003538823,"{'rfecv__estimator__alpha': 100, 'rfecv__min_features_to_select': 2}","['ECY7', 'term_spread']",0.5599573842600929,-6.300848890347992,5.942644134548908,7.19708370866197
2009-02-01,19.71574135172999,11.360992080213357,8.354749271516631,"{'rfecv__estimator__alpha': 100, 'rfecv__min_features_to_select': 2}","['ECY7', 'term_spread']",0.5592313397741782,-6.520901557131565,5.945124851895047,7.232920465134868
2009-03-01,21.732841619411413,11.535098288344662,10.197743331066752,"{'rfecv__estimator__alpha': 100, 'rfecv__min_features_to_select': 2}","['ECY7', 'term_spread']",0.5583347115626325,-6.328388656314805,5.948736634055932,7.261237863450539
2009-04-01,19.030832666098014,10.839528914045497,8.191303752052518,"{'rfecv__estimator__alpha': 100, 'rfecv__min_features_to_select': 2}","['ECY7', 'term_spread']",0.5571639109731451,-5.866905954376246,5.954491078894415,7.299948201785926
2009-05-01,17.883163523496236,10.92812452863691,6.955038994859326,"{'rfecv__estimator__alpha': 100, 'rfecv__min_features_to_select': 2}","['ECY7', 'term_spread']",0.5558919287350897,-5.58921908923723,5.960946122794033,7.318229641289061
2009-06-01,17.98436269675233,10.95457296804329,7.029789728709041,"{'rfecv__estimator__alpha': 100, 'rfecv__min_features_to_select': 2}","['ECY7', 'term_spread']",0.5543771575274085,-5.274804988427673,5.968541601696287,7.315658037652933
2009-07-01,18.033491749188123,10.59028764758542,7.443204101602703,"{'rfecv__estimator__alpha': 100, 'rfecv__min_features_to_select': 2}","['ECY7', 'term_spread']",0.5532497739685764,-4.931262011588145,5.973433596893961,7.318833935016774
2009-08-01,16.153198628083775,10.035948580368865,6.11725004771491,"{'rfecv__estimator__alpha': 100, 'rfecv__min_features_to_select': 2}","['ECY7', 'term_spread']",0.5523375795511937,-4.699615958825369,5.976445264825432,7.3071878693977235
2009-09-01,15.74028213467431,9.552517878718456,6.187764255955853,"{'rfecv__estimator__alpha': 100, 'rfecv__min_features_to_select': 2}","['ECY7', 'term_spread']",0.551514191602031,-4.4509752716079936,5.978662257685266,7.2874209529898
2009-10-01,14.605909253068006,9.609633263194185,4.996275989873821,"{'rfecv__estimator__alpha': 100, 'rfecv__min_features_to_select': 2}","['ECY7', 'term_spread']",0.5508065435938271,-4.153556846564444,5.980002121817006,7.276602510036022
2009-11-01,15.412790691231304,9.491829973663206,5.920960717568098,"{'rfecv__estimator__alpha': 100, 'rfecv__min_features_to_select': 2}","['ECY7', 'term_spread']",0.5501389842185356,-3.8761835267857556,5.980793638725656,7.239027171882229
2009-12-01,15.071304332837276,9.261420291375112,5.809884041462164,"{'rfecv__estimator__alpha': 100, 'rfecv__min_features_to_select': 2}","['ECY7', 'term_spread']",0.5494204296380559,-3.712532535234056,5.982137160991701,7.226696502994754
2010-01-01,14.537900317638677,9.581431970059498,4.956468347579179,"{'rfecv__estimator__alpha': 100, 'rfecv__min_features_to_select': 2}","['ECY7', 'term_spread']",0.5509013904798378,-3.9364506861586146,5.965162101126944,7.312487043461111
2010-02-01,15.828867856075613,9.689639373091477,6.1392284829841355,"{'rfecv__estimator__alpha': 100, 'rfecv__min_features_to_select': 2}","['ECY7', 'term_spread']",0.5500599729835309,-3.8830691033031806,5.967745238288759,7.282728232871889
2010-03-01,14.52669909710147,9.131112288088598,5.3955868090128725,"{'rfecv__estimator__alpha': 100, 'rfecv__min_features_to_select': 2}","['ECY7', 'term_spread']",0.5489860737410973,-3.730511531077506,5.97286734554373,7.246484120487769
2010-04-01,13.82276566751327,9.046291968668351,4.776473698844919,"{'rfecv__estimator__alpha': 100, 'rfecv__min_features_to_select': 2}","['ECY7', 'term_spread']",0.5480874641853049,-3.732209098622714,5.976505637342499,7.2119911786473825
2010-05-01,15.402335319058547,9.097948561862902,6.304386757195646,"{'rfecv__estimator__alpha': 100, 'rfecv__min_features_to_select': 2}","['ECY7', 'term_spread']",0.5452670104949352,-3.4451844994881644,5.995654964276203,7.101106345427316
2010-06-01,16.11372703108861,9.109280281332598,7.0044467497560134,"{'rfecv__estimator__alpha': 100, 'rfecv__min_features_to_select': 2}","['ECY7', 'term_spread']",0.544481395630908,-3.390181193472148,5.998659282001861,7.0773407036162554
2010-07-01,16.1343989704654,8.982652102474809,7.1517468679905924,"{'rfecv__estimator__alpha': 100, 'rfecv__min_features_to_select': 2}","['ECY7', 'term_spread']",0.5435544520987302,-3.4982223030856483,6.002768554124091,7.048943908441586
2010-08-01,15.389446057820043,8.741023578114193,6.64842247970585,"{'rfecv__estimator__alpha': 100, 'rfecv__min_features_to_select': 2}","['ECY7', 'term_spread']",0.5424483832955921,-3.5835687054185437,6.0081428074979355,7.017621780079707
2010-09-01,13.609166197082557,8.476041313745066,5.133124883337491,"{'rfecv__estimator__alpha': 100, 'rfecv__min_features_to_select': 2}","['ECY7', 'term_spread']",0.5413218126904742,-3.7126081654105882,6.013983123857048,6.984039218329572
2010-10-01,13.560011222004942,8.144540820456255,5.415470401548687,"{'rfecv__estimator__alpha': 100, 'rfecv__min_features_to_select': 2}","['ECY7', 'term_spread']",0.5403616712893397,-3.3834732185455394,6.018926756162735,6.954547954935125
2010-11-01,13.665237071216962,8.206629265157384,5.458607806059579,"{'rfecv__estimator__alpha': 100, 'rfecv__min_features_to_select': 2}","['ECY7', 'term_spread']",0.5395227479740631,-3.128522539078769,6.0230451853094005,6.9428939757953305
2010-12-01,12.617386064987135,8.48846194870275,4.128924116284386,"{'rfecv__estimator__alpha': 100, 'rfecv__min_features_to_select': 2}","['ECY7', 'term_spread']",0.5389455485292688,-2.933184990746846,6.025385682026337,6.9394814526889315
2011-01-01,10.414799547595289,8.410596424755582,2.004203122839707,"{'rfecv__estimator__alpha': 100, 'rfecv__min_features_to_select': 2}","['ECY7', 'term_spread']",0.5379925544535177,-2.7699962600203163,6.030269090559943,6.922953184027157
2011-02-01,9.627055419780609,8.457011122708842,1.170044297071767,"{'rfecv__estimator__alpha': 100, 'rfecv__min_features_to_select': 2}","['ECY7', 'term_spread']",0.5373584768061441,-2.5513145272760402,6.033213234801949,6.914475492489146
2011-03-01,11.226721191341792,8.556474087518323,2.6702471038234687,"{'rfecv__estimator__alpha': 100, 'rfecv__min_features_to_select': 2}","['ECY7', 'term_spread']",0.5365152130140347,-2.3428878788362484,6.03768785411126,6.88453073791864
2011-04-01,11.359354044422266,8.804304054508606,2.5550499899136607,"{'rfecv__estimator__alpha': 100, 'rfecv__min_features_to_select': 2}","['ECY7', 'term_spread']",0.5354630236109069,-2.231509060100889,6.043449782992778,6.8611799337164765
2011-05-01,11.146879141590116,8.58668293594608,2.5601962056440364,"{'rfecv__estimator__alpha': 100, 'rfecv__min_features_to_select': 2}","['ECY7', 'term_spread']",0.5347050443410426,-2.184582362555482,6.0468747944784615,6.850829604348553
2011-06-01,12.191014942323577,8.653568667205946,3.537446275117631,"{'rfecv__estimator__alpha': 100, 'rfecv__min_features_to_select': 2}","['ECY7', 'term_spread']",0.5337829138449692,-2.193237848163961,6.051319362738779,6.8379792916586215
2011-07-01,12.23504502054481,8.550671606719767,3.6843734138250426,"{'rfecv__estimator__alpha': 100, 'rfecv__min_features_to_select': 2}","['ECY7', 'term_spread']",0.53256419252975,-2.2233848436084913,6.0580796872035885,6.825368649891736
2011-08-01,14.974633448179276,8.503703369160725,6.470930079018551,"{'rfecv__estimator__alpha': 100, 'rfecv__min_features_to_select': 2}","['ECY7', 'term_spread']",0.5317577830739559,-2.2599782880959207,6.06274907761812,6.816459786712372
2011-09-01,15.048045518658514,8.542196092049359,6.505849426609155,"{'rfecv__estimator__alpha': 100, 'rfecv__min_features_to_select': 2}","['ECY7', 'term_spread']",0.5308337932531558,-2.3380844092109787,6.0675298234023165,6.81723152998311
2011-10-01,14.244172936341403,8.51973450989412,5.724438426447284,"{'rfecv__estimator__alpha': 100, 'rfecv__min_features_to_select': 2}","['ECY7', 'term_spread']",0.5302569218068491,-2.3685876068079543,6.0697861109098366,6.837337609043289
2011-11-01,14.11780858813754,8.330001273783513,5.787807314354028,"{'rfecv__estimator__alpha': 100, 'rfecv__min_features_to_select': 2}","['ECY7', 'term_spread']",0.5299777946672737,-2.378911505318571,6.069969903074549,6.864994266921292
2011-12-01,14.629897765753896,8.24087772209157,6.389020043662326,"{'rfecv__estimator__alpha': 100, 'rfecv__min_features_to_select': 2}","['ECY7', 'term_spread']",0.529663436268969,-2.331107555727598,6.070280914400697,6.868125016730082
2012-01-01,13.884734896105211,8.025803773051754,5.858931123053457,"{'rfecv__estimator__alpha': 100, 'rfecv__min_features_to_select': 2}","['ECY7', 'term_spread']",0.5294983550852324,-2.332297716987124,6.069753001415026,6.87395144260743
2012-02-01,13.535015579216337,7.841875992637782,5.693139586578555,"{'rfecv__estimator__alpha': 100, 'rfecv__min_features_to_select': 2}","['ECY7', 'term_spread']",0.5292940501510662,-2.3485341858758937,6.06972261541452,6.87015523032949
2012-03-01,13.298110120173078,7.932551224131518,5.36555889604156,"{'rfecv__estimator__alpha': 100, 'rfecv__min_features_to_select': 2}","['ECY7', 'term_spread']",0.5291616147963136,-2.467165205856889,6.06998490522047,6.8591014575534635
2012-04-01,13.262160740974382,7.85026780853653,5.411892932437852,"{'rfecv__estimator__alpha': 100, 'rfecv__min_features_to_select': 2}","['ECY7', 'term_spread']",0.5289592809098351,-2.654466898493831,6.071260479918718,6.846669888929758
2012-05-01,14.332009641800592,7.6023756795635045,6.729633962237088,"{'rfecv__estimator__alpha': 100, 'rfecv__min_features_to_select': 2}","['ECY7', 'term_spread']",0.5284476128736942,-2.924071941182157,6.074574712298133,6.825105246100079
2012-06-01,14.975677153518586,7.757437579502926,7.2182395740156595,"{'rfecv__estimator__alpha': 100, 'rfecv__min_features_to_select': 2}","['ECY7', 'term_spread']",0.52791164477598,-3.255055325771411,6.077644554299888,6.793957560484138
2012-07-01,14.52805916715838,7.491122465472186,7.036936701686194,"{'rfecv__estimator__alpha': 100, 'rfecv__min_features_to_select': 2}","['ECY7', 'term_spread']",0.5276826082384292,-3.586765618466623,6.078793911932893,6.7672022511400725
2012-08-01,13.82208956187977,7.257680081832932,6.564409480046837,"{'rfecv__estimator__alpha': 100, 'rfecv__min_features_to_select': 2}","['ECY7', 'term_spread']",0.5273014234819712,-3.9929147048225104,6.081398512463119,6.733685798112072
2012-09-01,13.502853805075675,7.1980958560534845,6.304757949022191,"{'rfecv__estimator__alpha': 100, 'rfecv__min_features_to_select': 2}","['ECY7', 'term_spread']",0.5269757607388216,-4.53510777901393,6.083258390797483,6.705281645100512
2012-10-01,14.144355151660836,7.225248724026084,6.919106427634752,"{'rfecv__estimator__alpha': 100, 'rfecv__min_features_to_select': 2}","['ECY7', 'term_spread']",0.5264046137655493,-5.026028127694957,6.085993174316175,6.678323055467149
2012-11-01,15.127301501448509,7.24374658142543,7.883554920023078,"{'rfecv__estimator__alpha': 100, 'rfecv__min_features_to_select': 2}","['ECY7', 'term_spread']",0.5257091914216211,-5.298821035396912,6.088567587657276,6.67660998119634
2012-12-01,15.261959591575248,7.169089306687289,8.092870284887958,"{'rfecv__estimator__alpha': 100, 'rfecv__min_features_to_select': 2}","['ECY7', 'term_spread']",0.5250480818294527,-5.411232847132827,6.091232853588311,6.685570519979305
2013-01-01,15.36194977694476,7.3353456638015295,8.02660411314323,"{'rfecv__estimator__alpha': 100, 'rfecv__min_features_to_select': 2}","['ECY7', 'term_spread']",0.5242387390100707,-5.463501460765078,6.094867981150396,6.682072727417901
2013-02-01,14.161697910023497,7.327786276002183,6.833911634021314,"{'rfecv__estimator__alpha': 100, 'rfecv__min_features_to_select': 2}","['ECY7', 'term_spread']",0.5236561602247494,-5.592296917741771,6.096934782647686,6.67723818728854
2013-03-01,13.547854669365876,7.150112691545138,6.397741977820738,"{'rfecv__estimator__alpha': 100, 'rfecv__min_features_to_select': 2}","['ECY7', 'term_spread']",0.5229568651644333,-5.404842818587078,6.099621474277748,6.673473206005073
2013-04-01,12.807443633165448,6.935035076318886,5.872408556846562,"{'rfecv__estimator__alpha': 100, 'rfecv__min_features_to_select': 2}","['ECY7', 'term_spread']",0.5220418185731642,-4.954411967862804,6.104123977171402,6.656268221144074
2013-05-01,12.21039456005736,6.902722369685428,5.307672190371932,"{'rfecv__estimator__alpha': 100, 'rfecv__min_features_to_select': 2}","['ECY7', 'term_spread']",0.5210765304032896,-4.615698605448655,6.108897343217544,6.605409790448337
2013-06-01,12.90066108002682,7.298044754194038,5.602616325832782,"{'rfecv__estimator__alpha': 100, 'rfecv__min_features_to_select': 2}","['ECY7', 'term_spread']",0.5198921687049514,-4.259916050342975,6.1146468485386105,6.570019886340175
2013-07-01,12.505129306732432,7.366193726616615,5.138935580115817,"{'rfecv__estimator__alpha': 100, 'rfecv__min_features_to_select': 2}","['ECY7', 'term_spread']",0.5189526628359322,-3.80185400674466,6.118854788493046,6.513940309497129
2013-08-01,12.959285709424684,7.471272334630538,5.4880133747941455,"{'rfecv__estimator__alpha': 100, 'rfecv__min_features_to_select': 2}","['ECY7', 'term_spread']",0.5181933710537927,-3.3910816340007104,6.121765604215885,6.432971841782468
2013-09-01,13.0370440714206,7.46211041865924,5.574933652761361,"{'rfecv__estimator__alpha': 100, 'rfecv__min_features_to_select': 2}","['ECY7', 'term_spread']",0.5174510850591185,-3.0373835027232583,6.1243838290222845,6.372783133973795
2013-10-01,11.649117324233526,7.191322860496743,4.457794463736783,"{'rfecv__estimator__alpha': 100, 'rfecv__min_features_to_select': 2}","['ECY7', 'term_spread']",0.5168816104850664,-2.6189831388049867,6.125514486661264,6.340440298769919
2013-11-01,10.322742832638076,7.110407593615968,3.2123352390221074,"{'rfecv__estimator__alpha': 100, 'rfecv__min_features_to_select': 2}","['ECY7', 'term_spread']",0.5163424458153979,-2.2838237416190936,6.126070680647997,6.306956986383719
2013-12-01,8.721103091233429,7.224109945983189,1.49699314525024,"{'rfecv__estimator__alpha': 100, 'rfecv__min_features_to_select': 2}","['ECY7', 'term_spread']",0.5157398451791418,-2.100981717052508,6.127412188144056,6.310781697101467
2014-01-01,8.84603131775049,7.173769545277365,1.6722617724731261,"{'rfecv__estimator__alpha': 100, 'rfecv__min_features_to_select': 2}","['ECY7', 'term_spread']",0.515214814227002,-1.9879952528237619,6.12799545759916,6.303572477518039
2014-02-01,10.06808208825476,7.078138628439307,2.9899434598154535,"{'rfecv__estimator__alpha': 100, 'rfecv__min_features_to_select': 2}","['ECY7', 'term_spread']",0.514723076377609,-1.919555735639218,6.128481440162988,6.325618637566173
2014-03-01,9.86668745341146,7.017878754991821,2.8488086984196395,"{'rfecv__estimator__alpha': 100, 'rfecv__min_features_to_select': 2}","['ECY7', 'term_spread']",0.5141680117492714,-1.8193654504424206,6.129840540921204,6.351691181615147
2014-04-01,10.576879724700971,7.044407079137493,3.5324726455634785,"{'rfecv__estimator__alpha': 100, 'rfecv__min_features_to_select': 2}","['ECY7', 'term_spread']",0.5137518608764143,-1.7812338996217272,6.130129037949148,6.3905604018172255
2014-05-01,9.867010113388432,6.863962841878301,3.0030472715101304,"{'rfecv__estimator__alpha': 100, 'rfecv__min_features_to_select': 2}","['ECY7', 'term_spread']",0.5132321619963618,-1.7802905520078025,6.13112842096563,6.420551892331015
2014-06-01,9.452649364260555,6.77394438408204,2.678704980178515,"{'rfecv__estimator__alpha': 100, 'rfecv__min_features_to_select': 2}","['ECY7', 'term_spread']",0.5127828689311703,-1.7933791878998595,6.131944634970667,6.452289091939842
2014-07-01,9.90610604599286,6.69993281774349,3.2061732282493702,"{'rfecv__estimator__alpha': 100, 'rfecv__min_features_to_select': 2}","['ECY7', 'term_spread']",0.5121896254512164,-1.740474214755079,6.133871285786456,6.4325113513533765
2014-08-01,9.270482380651046,6.614015410445322,2.6564669702057238,"{'rfecv__estimator__alpha': 100, 'rfecv__min_features_to_select': 2}","['ECY7', 'term_spread']",0.511379736772083,-1.6562479618528891,6.137425035465882,6.440442668379062
2014-09-01,9.51217838297167,6.648993884010121,2.86318449896155,"{'rfecv__estimator__alpha': 100, 'rfecv__min_features_to_select': 2}","['ECY7', 'term_spread']",0.5106361257671519,-1.5999280434712038,6.140577392170447,6.439210675713929
2014-10-01,10.060539913245549,6.497377323589194,3.563162589656355,"{'rfecv__estimator__alpha': 100, 'rfecv__min_features_to_select': 2}","['ECY7', 'term_spread']",0.5099647090176219,-1.535436616114756,6.143523657405469,6.441430069712754
2014-11-01,9.76258385096932,6.218280826236834,3.5443030247324856,"{'rfecv__estimator__alpha': 100, 'rfecv__min_features_to_select': 2}","['ECY7', 'term_spread']",0.5092698880623551,-1.5243899174684117,6.146568126278403,6.441756172252276
2014-12-01,10.119831999136652,6.074683774947383,4.045148224189269,"{'rfecv__estimator__alpha': 100, 'rfecv__min_features_to_select': 2}","['ECY7', 'term_spread']",0.5088647832613058,-1.552149004461853,6.147307522549776,6.458882598205662
2015-01-01,11.042754065510753,5.765598648896677,5.277155416614076,"{'rfecv__estimator__alpha': 100, 'rfecv__min_features_to_select': 2}","['ECY7', 'term_spread']",0.5080593142116332,-1.5845711929878283,6.150490015430163,6.469756589253976
2015-02-01,10.436751665632247,5.772653131361251,4.664098534270996,"{'rfecv__estimator__alpha': 100, 'rfecv__min_features_to_select': 2}","['ECY7', 'term_spread']",0.507427234928959,-1.6351442616358083,6.152645839703723,6.478895844116833
2015-03-01,5.912021176259364,5.865201262343683,0.04681991391568108,"{'rfecv__estimator__alpha': 100, 'rfecv__min_features_to_select': 2}","['ECY7', 'term_spread']",0.5066934047573058,-1.680591375123688,6.155615606697505,6.4807287983066555
2015-04-01,6.631223354703097,5.728543589217431,0.9026797654856669,"{'rfecv__estimator__alpha': 100, 'rfecv__min_features_to_select': 2}","['ECY7', 'term_spread']",0.5056318734267563,-1.7381368318222576,6.160576679301461,6.467242475634835
2015-05-01,7.64856677918978,6.057483511371837,1.5910832678179432,"{'rfecv__estimator__alpha': 100, 'rfecv__min_features_to_select': 2}","['ECY7', 'term_spread']",0.5048006662506667,-1.753120472506472,6.1639711905884,6.44247167053335
2015-06-01,9.098016398053364,6.317196292664295,2.7808201053890693,"{'rfecv__estimator__alpha': 100, 'rfecv__min_features_to_select': 2}","['ECY7', 'term_spread']",0.5038579093768527,-1.8183164776874468,6.1683991722889076,6.434685007440707
2015-07-01,9.848165327276314,6.274701336332963,3.5734639909433517,"{'rfecv__estimator__alpha': 100, 'rfecv__min_features_to_select': 2}","['ECY7', 'term_spread']",0.5026178037894591,-1.9192056128131405,6.175215640981955,6.440460443026824
2015-08-01,11.637649397166316,6.205889395979415,5.431760001186901,"{'rfecv__estimator__alpha': 100, 'rfecv__min_features_to_select': 2}","['ECY7', 'term_spread']",0.5017619518786469,-2.003453555978572,6.180083016578343,6.436848480752498
2015-09-01,12.515359721667709,6.293253067636913,6.222106654030796,"{'rfecv__estimator__alpha': 100, 'rfecv__min_features_to_select': 2}","['ECY7', 'term_spread']",0.5008633215160593,-2.1341094264897156,6.184612900795031,6.465418920475356
2015-10-01,11.949983605492942,6.020414449565856,5.929569155927086,"{'rfecv__estimator__alpha': 100, 'rfecv__min_features_to_select': 2}","['ECY7', 'term_spread']",0.5002633991031622,-2.179606313060856,6.1867625659495165,6.48407863552197
2015-11-01,12.16387302599554,6.183550994494521,5.98032203150102,"{'rfecv__estimator__alpha': 100, 'rfecv__min_features_to_select': 2}","['ECY7', 'term_spread']",0.4999119681546542,-2.1921005226862476,6.187067462484513,6.512044484400684
2015-12-01,13.33465444205424,6.015699428450294,7.318955013603947,"{'rfecv__estimator__alpha': 100, 'rfecv__min_features_to_select': 2}","['ECY7', 'term_spread']",0.4995303244260137,-2.1401827670519538,6.187519701779192,6.50846206166281
2016-01-01,15.46112494680113,6.195797682337844,9.265327264463286,"{'rfecv__estimator__alpha': 100, 'rfecv__min_features_to_select': 2}","['ECY7', 'term_spread']",0.49931467964483206,-2.1398984057461474,6.187199113037275,6.510327898305923
2016-02-01,16.14209261462737,5.733077327019099,10.40901528760827,"{'rfecv__estimator__alpha': 100, 'rfecv__min_features_to_select': 2}","['ECY7', 'term_spread']",0.4990590603479728,-2.1552054671668794,6.18742390080664,6.502146182029447
2016-03-01,14.912024797383571,5.60231782270976,9.309706974673812,"{'rfecv__estimator__alpha': 100, 'rfecv__min_features_to_select': 2}","['ECY7', 'term_spread']",0.4988791063226273,-2.268905463707033,6.187916001162452,6.481074775858819
2016-04-01,15.600884357303846,5.690237137647546,9.910647219656301,"{'rfecv__estimator__alpha': 100, 'rfecv__min_features_to_select': 2}","['ECY7', 'term_spread']",0.498628037090943,-2.4503106532790686,6.189402120255137,6.459101949953725
2016-05-01,15.833645136679886,5.778264432729065,10.05538070395082,"{'rfecv__estimator__alpha': 100, 'rfecv__min_features_to_select': 2}","['ECY7', 'term_spread']",0.49815829719814886,-2.721015620497479,6.192321828448677,6.441452766966194
2016-06-01,15.986605242243678,5.404404863293319,10.58220037895036,"{'rfecv__estimator__alpha': 100, 'rfecv__min_features_to_select': 2}","['ECY7', 'term_spread']",0.49764536556629035,-3.0545225728329193,6.195152885755966,6.41133273796134
2016-07-01,15.91920433220736,5.112250545027898,10.806953787179463,"{'rfecv__estimator__alpha': 100, 'rfecv__min_features_to_select': 2}","['ECY7', 'term_spread']",0.49739320884462324,-3.3845702524356573,6.196477149129515,6.380970292176459
2016-08-01,16.14162183380917,5.164245429391713,10.977376404417459,"{'rfecv__estimator__alpha': 100, 'rfecv__min_features_to_select': 2}","['ECY7', 'term_spread']",0.49701942041391173,-3.7938231553770487,6.199237945191233,6.353237396381914
2016-09-01,16.226036886293706,5.415280651804028,10.810756234489677,"{'rfecv__estimator__alpha': 100, 'rfecv__min_features_to_select': 2}","['ECY7', 'term_spread']",0.49668920236199476,-4.339575617456201,6.201353027028211,6.333444967625236
2016-10-01,16.42695576185682,5.707158028678788,10.719797733178034,"{'rfecv__estimator__alpha': 100, 'rfecv__min_features_to_select': 2}","['ECY7', 'term_spread']",0.49627329919450386,-4.842529000664439,6.203088211555463,6.326352322456058
2016-11-01,17.19945908543746,6.307550142747196,10.891908942690264,"{'rfecv__estimator__alpha': 100, 'rfecv__min_features_to_select': 2}","['ECY7', 'term_spread']",0.4956388206257206,-5.127296329991433,6.205489078551922,6.332103117559322
2016-12-01,16.36513339010439,5.962543215277381,10.402590174827008,"{'rfecv__estimator__alpha': 100, 'rfecv__min_features_to_select': 2}","['ECY7', 'term_spread']",0.4950310661074638,-5.254146370799638,6.2079542486227925,6.343674996902807
2017-01-01,15.565910953640914,5.675109741233292,9.890801212407624,"{'rfecv__estimator__alpha': 100, 'rfecv__min_features_to_select': 2}","['ECY7', 'term_spread']",0.49424859021552614,-5.329357404965249,6.211601052792689,6.3508356714399925
2017-02-01,14.315543654392725,5.56601527260677,8.749528381785954,"{'rfecv__estimator__alpha': 100, 'rfecv__min_features_to_select': 2}","['ECY7', 'term_spread']",0.4936769067900664,-5.482965021939859,6.213787436949132,6.360376305006051
2017-03-01,13.697990869945809,5.73724851716282,7.960742352782988,"{'rfecv__estimator__alpha': 100, 'rfecv__min_features_to_select': 2}","['ECY7', 'term_spread']",0.49313700473118693,-5.323080159549108,6.215444160549369,6.367249845254226
2017-04-01,13.761372951209948,5.0553291793561,8.706043771853848,"{'rfecv__estimator__alpha': 100, 'rfecv__min_features_to_select': 2}","['ECY7', 'term_spread']",0.49255316948515276,-4.91393112114757,6.217415374576312,6.371592111355064
2017-05-01,11.563924844070172,4.686818905249284,6.877105938820888,"{'rfecv__estimator__alpha': 100, 'rfecv__min_features_to_select': 2}","['ECY7', 'term_spread']",0.49191937367820104,-4.644783175411227,6.219615329591868,6.35809264102567
2017-06-01,10.41189029019808,4.519700445771735,5.892189844426345,"{'rfecv__estimator__alpha': 100, 'rfecv__min_features_to_select': 2}","['ECY7', 'term_spread']",0.49102129437931613,-4.364143884434674,6.223119400300178,6.342071361101614
2017-07-01,10.296974397996772,4.359992348555096,5.936982049441676,"{'rfecv__estimator__alpha': 100, 'rfecv__min_features_to_select': 2}","['ECY7', 'term_spread']",0.49036518251583,-4.014466910315038,6.22516981080132,6.3289720991383955
2017-08-01,11.583316166341662,3.821246584072176,7.762069582269486,"{'rfecv__estimator__alpha': 100, 'rfecv__min_features_to_select': 2}","['ECY7', 'term_spread']",0.48972190803205173,-3.709105840417961,6.227279851717257,6.304545637019948
2017-09-01,9.585658259395958,3.8180485324813134,5.767609726914644,"{'rfecv__estimator__alpha': 100, 'rfecv__min_features_to_select': 2}","['ECY7', 'term_spread']",0.48907980884290314,-3.481881782725903,6.229270349598777,6.287772980709875
2017-10-01,8.309035322144476,3.8386656258682836,4.470369696276192,"{'rfecv__estimator__alpha': 100, 'rfecv__min_features_to_select': 2}","['ECY7', 'term_spread']",0.48853127879874464,-3.161051084879433,6.23045665078016,6.279277467530785
2017-11-01,9.027697670576371,3.9735209138849865,5.054176756691385,"{'rfecv__estimator__alpha': 100, 'rfecv__min_features_to_select': 2}","['ECY7', 'term_spread']",0.4878886227382203,-2.804640796953803,6.232275575166494,6.225988371293254
2017-12-01,8.384333174104041,3.658374826112052,4.725958347991989,"{'rfecv__estimator__alpha': 100, 'rfecv__min_features_to_select': 2}","['ECY7', 'term_spread']",0.48730034801048255,-2.638339319154824,6.234142681510598,6.243050562767375
2018-01-01,7.620493250801363,3.1585067757907885,4.461986475010574,"{'rfecv__estimator__alpha': 100, 'rfecv__min_features_to_select': 2}","['ECY7', 'term_spread']",0.4867129249418052,-2.5725375238154795,6.235965039206925,6.272382045687372
2018-02-01,8.848430279035247,3.618908960847451,5.229521318187796,"{'rfecv__estimator__alpha': 100, 'rfecv__min_features_to_select': 2}","['ECY7', 'term_spread']",0.48615463376712426,-2.5393126024328274,6.237801699785712,6.3008151560342345
2018-03-01,8.230645540737525,3.292114585696491,4.938530955041034,"{'rfecv__estimator__alpha': 100, 'rfecv__min_features_to_select': 2}","['ECY7', 'term_spread']",0.48578566738717893,-2.542490968126303,6.238637285764456,6.329628201444949
2018-04-01,9.377920352596336,2.888150832688736,6.4897695199075995,"{'rfecv__estimator__alpha': 100, 'rfecv__min_features_to_select': 2}","['ECY7', 'term_spread']",0.4854208201043493,-2.8050954621244935,6.239711386264184,6.377134438005906
2018-05-01,9.079993847315691,2.8970589455184133,6.182934901797278,"{'rfecv__estimator__alpha': 100, 'rfecv__min_features_to_select': 2}","['ECY7', 'term_spread']",0.4849075992525097,-2.9714964343610646,6.241480219942316,6.408198943808661
2018-06-01,9.610870938139003,3.0412068726626957,6.569664065476307,"{'rfecv__estimator__alpha': 100, 'rfecv__min_features_to_select': 2}","['ECY7', 'term_spread', 'infl_vol_12m', 'infl_trend_5y']",0.48460870273865203,-3.098605682168796,6.241635901138137,6.453925980891433
2018-07-01,10.030840860430102,2.402134178251595,7.628706682178507,"{'rfecv__estimator__alpha': 100, 'rfecv__min_features_to_select': 2}","['ECY7', 'term_spread', 'infl_vol_12m', 'infl_trend_5y']",0.48408303664856245,-3.2711797568260486,6.243598166908771,6.491372221740375
2018-08-01,9.232236896426029,2.361907021394593,6.870329875031436,"{'rfecv__estimator__alpha': 100, 'rfecv__min_features_to_select': 2}","['ECY7', 'term_spread', 'infl_vol_12m', 'infl_trend_5y']",0.4833484161648474,-3.4240069404693045,6.247045651443116,6.519475821829638
2018-09-01,8.615858836650824,2.7486112028287994,5.867247633822025,"{'rfecv__estimator__alpha': 100, 'rfecv__min_features_to_select': 2}","['ECY7', 'term_spread', 'infl_vol_12m', 'infl_trend_5y']",0.48282283615971605,-3.4771687420649746,6.248882332754697,6.546836528270491
2018-10-01,8.743761976995367,2.2394519694333628,6.504310007562005,"{'rfecv__estimator__alpha': 100, 'rfecv__min_features_to_select': 2}","['ECY7', 'term_spread', 'infl_vol_12m', 'infl_trend_5y']",0.4824226311616471,-3.4956759289210453,6.249881102479914,6.567263238067844
2018-11-01,10.10473912640456,2.689875884883007,7.414863241521553,"{'rfecv__estimator__alpha': 100, 'rfecv__min_features_to_select': 2}","['ECY7', 'term_spread', 'infl_vol_12m', 'infl_trend_5y']",0.4820503808470478,-3.428099351030409,6.250646246516795,6.584837643673497
2018-12-01,12.401245124257231,2.515330178820166,9.885914945437065,"{'rfecv__estimator__alpha': 100, 'rfecv__min_features_to_select': 2}","['ECY7', 'term_spread', 'infl_vol_12m', 'infl_trend_5y']",0.48199154832723295,-3.2933922091099666,6.249101280947307,6.604682775665826
2019-01-01,12.595073931339927,1.8692070848252724,10.725866846514656,"{'rfecv__estimator__alpha': 100, 'rfecv__min_features_to_select': 2}","['ECY7', 'term_spread', 'infl_vol_12m', 'infl_trend_5y']",0.4815157939505232,-3.002926322051661,6.2500979982087035,6.610793148629475
2019-02-01,12.20128784743676,2.392443826482069,9.808844020954691,"{'rfecv__estimator__alpha': 100, 'rfecv__min_features_to_select': 2}","['ECY7', 'term_spread', 'infl_vol_12m', 'infl_trend_5y']",0.481416482715905,-2.837496859556657,6.248396129343596,6.618778048324047
2019-03-01,12.43860728683994,1.9682035462509386,10.470403740589001,"{'rfecv__estimator__alpha': 100, 'rfecv__min_features_to_select': 2}","['ECY7', 'term_spread', 'infl_vol_12m', 'infl_trend_5y']",0.4813114230005273,-2.8257568156141195,6.246903767699457,6.619587247029775
2019-04-01,11.366060505917208,1.2860099226522053,10.080050583265002,"{'rfecv__estimator__alpha': 100, 'rfecv__min_features_to_select': 2}","['ECY7', 'term_spread', 'infl_vol_12m', 'infl_trend_5y']",0.4808801728142889,-2.7935066757270444,6.247246848515393,6.617074109350604
2019-05-01,12.20618611351856,1.3087460028616018,10.897440110656959,"{'rfecv__estimator__alpha': 100, 'rfecv__min_features_to_select': 2}","['ECY7', 'term_spread', 'infl_vol_12m', 'infl_trend_5y']",0.48062580838522034,-2.778986271757688,6.246462634312604,6.6325392270722405
2019-06-01,12.623078359147156,1.662574126266442,10.960504232880714,"{'rfecv__estimator__alpha': 100, 'rfecv__min_features_to_select': 2}","['ECY7', 'term_spread', 'infl_vol_12m', 'infl_trend_5y']",0.4803233059315794,-2.803352474329963,6.246424946750574,6.646171658008201
2019-07-01,12.26326088397638,0.9411418990988958,11.322118984877484,"{'rfecv__estimator__alpha': 100, 'rfecv__min_features_to_select': 2}","['ECY7', 'term_spread', 'infl_vol_12m', 'infl_trend_5y']",0.47971839908659974,-2.8542891164428705,6.248781331878129,6.65568234922759
2019-08-01,12.686898080065,1.8820670958028476,10.804830984262152,"{'rfecv__estimator__alpha': 100, 'rfecv__min_features_to_select': 2}","['ECY7', 'term_spread', 'infl_vol_12m', 'infl_trend_5y']",0.4794646075511184,-2.9225759248610728,6.249445790185492,6.6798845662461535
2019-09-01,12.563558371103088,1.294392558878946,11.269165812224141,"{'rfecv__estimator__alpha': 100, 'rfecv__min_features_to_select': 2}","['ECY7', 'term_spread', 'infl_vol_12m', 'infl_trend_5y']",0.47914669498107326,-2.934911008239105,6.2500339451045415,6.703901709980608
2019-10-01,13.20641616720426,2.15101146308852,11.055404704115741,"{'rfecv__estimator__alpha': 100, 'rfecv__min_features_to_select': 2}","['ECY7', 'term_spread', 'infl_vol_12m', 'infl_trend_5y']",0.47901311528978036,-2.8738703094422386,6.2492820779329135,6.731578401583539
2019-11-01,12.731963726510198,2.9078781446607236,9.824085581849474,"{'rfecv__estimator__alpha': 100, 'rfecv__min_features_to_select': 2}","['ECY7', 'term_spread', 'infl_vol_12m', 'infl_trend_5y']",0.47892543106082097,-2.8553614822900713,6.248144002451432,6.767838126603467
2019-12-01,12.466434965596372,2.423308904888514,10.04312606070786,"{'rfecv__estimator__alpha': 100, 'rfecv__min_features_to_select': 2}","['ECY7', 'term_spread', 'infl_vol_12m', 'infl_trend_5y']",0.4787811128950049,-2.7953994977860175,6.247421011940104,6.776876756149688
2020-01-01,11.594299105377605,2.4730930017271335,9.121206103650472,"{'rfecv__estimator__alpha': 100, 'rfecv__min_features_to_select': 2}","['ECY7', 'term_spread', 'infl_vol_12m', 'infl_trend_5y']",0.47881817789938225,-2.800209861463941,6.245795989036568,6.795812045047989
2020-02-01,11.76157743975038,2.594268845419376,9.167308594331004,"{'rfecv__estimator__alpha': 100, 'rfecv__min_features_to_select': 2}","['ECY7', 'term_spread', 'infl_vol_12m', 'infl_trend_5y']",0.47879527192957333,-2.858112403245985,6.244865346430643,6.804377482053346
2020-03-01,15.062152217923009,3.057023147159804,12.005129070763205,"{'rfecv__estimator__alpha': 100, 'rfecv__min_features_to_select': 2}","['ECY7', 'term_spread', 'infl_vol_12m', 'infl_trend_5y']",0.47888007473176847,-3.034170096121246,6.243923796334047,6.806884938640822
2020-04-01,12.76935471834647,5.496888029428431,7.27246668891804,"{'rfecv__estimator__alpha': 100, 'rfecv__min_features_to_select': 2}","['ECY7', 'term_spread', 'infl_vol_12m', 'infl_trend_5y']",0.47878281029248376,-3.0744102358239513,6.2448059989490785,6.794456115366226
2020-05-01,13.20038330188914,4.962197518737521,8.238185783151618,"{'rfecv__estimator__alpha': 100, 'rfecv__min_features_to_select': 2}","['ECY7', 'term_spread', 'infl_vol_12m', 'infl_trend_5y']",0.47844448369102466,-3.2619587450089367,6.247249327552608,6.775433575239475
2020-06-01,12.585945053101224,4.718494797846096,7.867450255255128,"{'rfecv__estimator__alpha': 100, 'rfecv__min_features_to_select': 2}","['ECY7', 'term_spread', 'infl_vol_12m', 'infl_trend_5y']",0.4780738609168762,-3.550991509018062,6.249473843505889,6.74278256727901
